-- --------------------------------------------------------
-- Servidor:                     127.0.0.1
-- Versão do servidor:           12.0.2-MariaDB - mariadb.org binary distribution
-- OS do Servidor:               Win64
-- HeidiSQL Versão:              12.11.0.7065
-- --------------------------------------------------------

/*!40101 SET @OLD_CHARACTER_SET_CLIENT=@@CHARACTER_SET_CLIENT */;
/*!40101 SET NAMES utf8 */;
/*!50503 SET NAMES utf8mb4 */;
/*!40103 SET @OLD_TIME_ZONE=@@TIME_ZONE */;
/*!40103 SET TIME_ZONE='+00:00' */;
/*!40014 SET @OLD_FOREIGN_KEY_CHECKS=@@FOREIGN_KEY_CHECKS, FOREIGN_KEY_CHECKS=0 */;
/*!40101 SET @OLD_SQL_MODE=@@SQL_MODE, SQL_MODE='NO_AUTO_VALUE_ON_ZERO' */;
/*!40111 SET @OLD_SQL_NOTES=@@SQL_NOTES, SQL_NOTES=0 */;


-- Copiando estrutura do banco de dados para dblivraria
CREATE DATABASE IF NOT EXISTS `dblivraria` /*!40100 DEFAULT CHARACTER SET utf8mb4 COLLATE utf8mb4_uca1400_ai_ci */;
USE `dblivraria`;

-- Copiando estrutura para tabela dblivraria.avaliacoes
CREATE TABLE IF NOT EXISTS `avaliacoes` (
  `id` int(11) NOT NULL AUTO_INCREMENT,
  `usuario_id` int(11) NOT NULL,
  `livro_id` int(11) NOT NULL,
  `nota` decimal(2,1) DEFAULT NULL CHECK (`nota` >= 0 and `nota` <= 5),
  `comentario` text DEFAULT NULL,
  `data_avaliacao` timestamp NULL DEFAULT current_timestamp(),
  PRIMARY KEY (`id`),
  KEY `usuario_id` (`usuario_id`),
  KEY `livro_id` (`livro_id`),
  CONSTRAINT `avaliacoes_ibfk_1` FOREIGN KEY (`usuario_id`) REFERENCES `usuarios` (`id`) ON DELETE CASCADE,
  CONSTRAINT `avaliacoes_ibfk_2` FOREIGN KEY (`livro_id`) REFERENCES `livros` (`id`) ON DELETE CASCADE
) ENGINE=InnoDB AUTO_INCREMENT=7 DEFAULT CHARSET=utf8mb4 COLLATE=utf8mb4_uca1400_ai_ci;

-- Copiando dados para a tabela dblivraria.avaliacoes: ~6 rows (aproximadamente)
INSERT INTO `avaliacoes` (`id`, `usuario_id`, `livro_id`, `nota`, `comentario`, `data_avaliacao`) VALUES
	(1, 1, 1, 5.0, 'História envolvente e personagens cativantes.', '2025-11-13 12:13:44'),
	(2, 2, 1, 4.5, 'Ótima leitura, final surpreendente.', '2025-11-13 12:13:44'),
	(3, 3, 2, 4.0, 'Excelente abordagem sobre tecnologia e negócios.', '2025-11-13 12:13:44'),
	(4, 1, 4, 5.0, 'Leitura obrigatória para todo desenvolvedor.', '2025-11-13 12:13:44'),
	(5, 2, 3, 3.5, 'Ideia interessante, mas um pouco confusa em alguns trechos.', '2025-11-13 12:13:44'),
	(6, 3, 5, 0.5, 'Horrivel.', '2025-11-13 12:13:44');

-- Copiando estrutura para tabela dblivraria.categoria
CREATE TABLE IF NOT EXISTS `categoria` (
  `id` int(11) NOT NULL AUTO_INCREMENT,
  `categoria` varchar(100) DEFAULT NULL,
  PRIMARY KEY (`id`)
) ENGINE=InnoDB AUTO_INCREMENT=6 DEFAULT CHARSET=utf8mb4 COLLATE=utf8mb4_uca1400_ai_ci;

-- Copiando dados para a tabela dblivraria.categoria: ~4 rows (aproximadamente)
INSERT INTO `categoria` (`id`, `categoria`) VALUES
	(1, 'Fantasia'),
	(2, 'Ficção'),
	(3, 'Romance'),
	(4, 'Tecnologia'),
	(5, 'Aventura');

-- Copiando estrutura para tabela dblivraria.favoritos
CREATE TABLE IF NOT EXISTS `favoritos` (
  `id` int(11) NOT NULL AUTO_INCREMENT,
  `usuario_id` int(11) NOT NULL,
  `livro_id` int(11) NOT NULL,
  `data_favoritado` timestamp NULL DEFAULT current_timestamp(),
  PRIMARY KEY (`id`),
  KEY `usuario_id` (`usuario_id`),
  KEY `livro_id` (`livro_id`),
  CONSTRAINT `favoritos_ibfk_1` FOREIGN KEY (`usuario_id`) REFERENCES `usuarios` (`id`) ON DELETE CASCADE,
  CONSTRAINT `favoritos_ibfk_2` FOREIGN KEY (`livro_id`) REFERENCES `livros` (`id`) ON DELETE CASCADE
) ENGINE=InnoDB AUTO_INCREMENT=8 DEFAULT CHARSET=utf8mb4 COLLATE=utf8mb4_uca1400_ai_ci;

-- Copiando dados para a tabela dblivraria.favoritos: ~2 rows (aproximadamente)
INSERT INTO `favoritos` (`id`, `usuario_id`, `livro_id`, `data_favoritado`) VALUES
	(4, 5, 3, '2025-12-15 11:33:29'),
	(5, 5, 2, '2025-12-15 11:33:31');

-- Copiando estrutura para tabela dblivraria.livros
CREATE TABLE IF NOT EXISTS `livros` (
  `id` int(11) NOT NULL AUTO_INCREMENT,
  `titulo` varchar(150) NOT NULL,
  `autor` varchar(100) NOT NULL,
  `categoria` varchar(100) DEFAULT NULL,
  `editora` varchar(100) DEFAULT NULL,
  `ano_publicacao` smallint(6) DEFAULT NULL,
  `isbn` varchar(20) DEFAULT NULL,
  `idioma` varchar(50) DEFAULT 'Português',
  `formato` enum('Físico','E-book','Audiobook') DEFAULT 'Físico',
  `caminho_capa` varchar(255) DEFAULT NULL,
  `sinopse` text DEFAULT NULL,
  `ativo` tinyint(1) DEFAULT 1,
  `criado_em` timestamp NULL DEFAULT current_timestamp(),
  `atualizado_em` timestamp NULL DEFAULT current_timestamp() ON UPDATE current_timestamp(),
  PRIMARY KEY (`id`)
) ENGINE=InnoDB AUTO_INCREMENT=7 DEFAULT CHARSET=utf8mb4 COLLATE=utf8mb4_uca1400_ai_ci;

-- Copiando dados para a tabela dblivraria.livros: ~5 rows (aproximadamente)
INSERT INTO `livros` (`id`, `titulo`, `autor`, `categoria`, `editora`, `ano_publicacao`, `isbn`, `idioma`, `formato`, `caminho_capa`, `sinopse`, `ativo`, `criado_em`, `atualizado_em`) VALUES
	(1, 'Filhas da Lua', 'Carolina França', 'Fantasia / Romance', 'Pandorga', 2018, '9788568263952', 'Português', 'Físico', '../IMGS/capas/filhasdalua.jpg', 'Trilogia sobre jovens com poderes lunares e uma antiga profecia.', 0, '2025-11-13 12:13:17', '2025-12-08 12:04:50'),
	(2, 'TI para Negócios', 'Edson Perin', 'Tecnologia / Gestão', 'M. Books', 2010, '9788578271541', 'Português', 'E-book', '../IMGS/capas/tiparanegocios.jpg', 'Mostra como a TI pode impulsionar resultados empresariais.', 1, '2025-11-13 12:13:17', '2025-12-08 12:05:25'),
	(3, 'Mestres do Tempo', 'R. V. Campbell', 'Ficção Científica', 'Arqueiro', 2017, '9788580417432', 'Português', 'Físico', '../IMGS/capas/mestresdotempo.jpg', 'Explora viagens no tempo e dilemas morais sobre alterar o passado.', 0, '2025-11-13 12:13:17', '2025-12-15 11:58:10'),
	(4, 'O Código Limpo', 'Robert C. Martin', 'Tecnologia / Programação', 'Alta Books', 2009, '9788576082675', 'Português', 'Físico', '../IMGS/capas/codigolimpo.jpg', 'Guia essencial sobre boas práticas e padrões de código limpo.', 1, '2025-11-13 12:13:17', '2025-12-15 13:36:43'),
	(5, 'Dom Casmurro', 'Machado de Assis', 'Romance Clássico', 'Principis', 1899, '9788580574463', 'Português', 'Físico', '../IMGS/capas/domcasmurro.jpg', 'Um dos maiores clássicos da literatura brasileira, explorando ciúme e ambiguidade.', 1, '2025-11-13 12:13:17', '2025-12-08 12:04:47'),
	(6, 'Hora de Aventura - É hora de diversão', 'Ciranda Cultural', 'Aventura', 'Ciranda Cultural', 2015, '9788538062363', 'Português', 'Físico', '..//IMGS/capas/hora-de-aventura.jpg', 'Divirta-se colorindo os seus personagens favoritos de Hora de Aventura! Acompanhe Jake, Finn e seus amigos em aventuras emocionantes na Terra de Ooo enquanto dá vida às cenas com suas cores preferidas.', 1, '2025-12-12 13:09:41', '2025-12-12 13:13:36');

-- Copiando estrutura para tabela dblivraria.livros_categorias
CREATE TABLE IF NOT EXISTS `livros_categorias` (
  `livro_id` int(11) NOT NULL,
  `categoria_id` int(11) NOT NULL,
  KEY `id_categoria` (`categoria_id`) USING BTREE,
  KEY `id_livro` (`livro_id`) USING BTREE,
  CONSTRAINT `livros_categorias_ibfk_1` FOREIGN KEY (`livro_id`) REFERENCES `livros` (`id`) ON DELETE CASCADE,
  CONSTRAINT `livros_categorias_ibfk_2` FOREIGN KEY (`categoria_id`) REFERENCES `categoria` (`id`) ON DELETE CASCADE
) ENGINE=InnoDB DEFAULT CHARSET=utf8mb4 COLLATE=utf8mb4_uca1400_ai_ci;

-- Copiando dados para a tabela dblivraria.livros_categorias: ~6 rows (aproximadamente)
INSERT INTO `livros_categorias` (`livro_id`, `categoria_id`) VALUES
	(1, 1),
	(1, 3),
	(2, 4),
	(3, 2),
	(4, 4),
	(5, 3),
	(6, 5);

-- Copiando estrutura para tabela dblivraria.reservas
CREATE TABLE IF NOT EXISTS `reservas` (
  `id` int(11) NOT NULL AUTO_INCREMENT,
  `usuario_id` int(11) NOT NULL,
  `livro_id` int(11) NOT NULL,
  `data_retirada` date NOT NULL,
  `data_devolucao` date NOT NULL,
  `confirmado_email` tinyint(1) DEFAULT 0,
  `criado_em` timestamp NULL DEFAULT current_timestamp(),
  PRIMARY KEY (`id`),
  KEY `usuario_id` (`usuario_id`),
  KEY `livro_id` (`livro_id`),
  CONSTRAINT `reservas_ibfk_1` FOREIGN KEY (`usuario_id`) REFERENCES `usuarios` (`id`) ON DELETE CASCADE,
  CONSTRAINT `reservas_ibfk_2` FOREIGN KEY (`livro_id`) REFERENCES `livros` (`id`) ON DELETE CASCADE
) ENGINE=InnoDB AUTO_INCREMENT=8 DEFAULT CHARSET=utf8mb4 COLLATE=utf8mb4_uca1400_ai_ci;

-- Copiando dados para a tabela dblivraria.reservas: ~1 rows (aproximadamente)
INSERT INTO `reservas` (`id`, `usuario_id`, `livro_id`, `data_retirada`, `data_devolucao`, `confirmado_email`, `criado_em`) VALUES
	(1, 4, 4, '2025-12-09', '2026-01-05', 0, '2025-12-09 11:55:36');

-- Copiando estrutura para tabela dblivraria.usuarios
CREATE TABLE IF NOT EXISTS `usuarios` (
  `id` int(11) NOT NULL AUTO_INCREMENT,
  `nome` varchar(100) NOT NULL,
  `email` varchar(100) NOT NULL,
  `senha` varchar(100) NOT NULL,
  `data_nascimento` date DEFAULT NULL,
  `perfil` enum('Aluno','Admin') DEFAULT 'Aluno',
  `foto` longtext DEFAULT NULL,
  PRIMARY KEY (`id`),
  UNIQUE KEY `email` (`email`)
) ENGINE=InnoDB AUTO_INCREMENT=6 DEFAULT CHARSET=utf8mb4 COLLATE=utf8mb4_uca1400_ai_ci;

-- Copiando dados para a tabela dblivraria.usuarios: ~5 rows (aproximadamente)
INSERT INTO `usuarios` (`id`, `nome`, `email`, `senha`, `data_nascimento`, `perfil`, `foto`) VALUES
	(1, 'Vitor Lima', 'vitor.lima@email.com', '1234', NULL, 'Aluno', NULL),
	(2, 'Pedro Campos', 'pedro.campos@email.com', 'abcd', NULL, 'Aluno', NULL),
	(3, 'Wendell Duque', 'duque@email.com', 'VAI_CORINTHIANS', NULL, 'Admin', 'data:image/jpeg;base64,/9j/4AAQSkZJRgABAQAAAQABAAD/2wCEAAkGBxMTEhUTExMWFhUWGB0XGBcYGRgaGRgaGRcYGxkaGBoeICggGh4lHxggITEiJSkrLi8wGh8zODMsNygtLisBCgoKDg0OGxAQGy4mHyUrLS83MistLSsyMC0vKy8tKysrLy0tKy4vLzctLi0tLS0tLy0rLy0tLS4rLS0tLS0tLf/AABEIAOEA4QMBIgACEQEDEQH/xAAbAAACAwEBAQAAAAAAAAAAAAACAwEEBQAGB//EAEEQAAECBAQDBQYFAQUJAQAAAAECEQADITEEEkFRBWFxEyKBkfAGMqGxwdEUQlLh8SMHU2JyghUzQ5KissLS4iT/xAAaAQEAAwEBAQAAAAAAAAAAAAAAAgMEAQUG/8QAKxEBAAICAAQEBgIDAAAAAAAAAAECAxEEEiExQVFhcQUTIjKB0bHxkaHh/9oADAMBAAIRAxEAPwD5Ql6FzSl6Dp1ggkZnuX8esPQgkZmseTUG3j+0RMAszV3+9BALo5NCNn210+piFAk1p0gjLZjb1oLfaCRMUw28CR0f6NAAJWZ2PTenPflHdmGd2PXXoYYQ438P4b4xCUixD/Dr6EAsySQNW0tX4PHIlObk76xbEoioYBrPd2FC7157GAlvdRN6AKpfla14ApS2d35EBwCeTW6F4XS1TyDgV5ftDlqQLEk0qNS1QcxD162gVlLDugKowZwbOVF6AttrfUAouWAcnwamjPU+cBkLgMPg0OKTU8yTZiQdwXPraAKNS/JiS/RrW1gOmAD3ur/xR+ccJanIZtbCutxp94lUt2Jdmuw25HpSOTlBAYkmpqQ3nW2o5QAqJBepYnVx5ho5W2+j16lqmH4okEWGYHVn2Pny3irNALU71j101+kASyd28j/EKWG3azn40H02g5gYdenl18IhSRRjuToz8xABOS3dofH9oBYLM46+i22m0NWCRRtetOTRBS2gBN3vXf5PAdswp15R2TLv8aGmxhgoTRqasXbqLw5TM7OGcaXfT6ttAVltpW3NufKAUhywFaeFWHSGykULdCC4fp4afOOT86c+Xz1gIXa9uul7bgbmFyzu1d/T/CDUlhUuX+b1rEFJDO1q/wAcvpACTUE1Y2tTkbejFhGKBUHbLQc00ZJJ1/eFZbdSBt15D7RMxIDVbmCdwftAaH4WZ6H/ANR0UezV+lP/ADfvHQFpQZIoKjx61qBSzRXUSbl6v0rswEWEuKukptcfdx6eFzaFmHK46a/CACbNLaOKUU/Vx0gJZL0r8PlrDJjOLBtE+vTw+RleqQXo9cuj0FT5iArzQGp9WeujfOOCWdIS58tv4vDMSguSTts1Om8cpBPeqwDOS4flX6QArmuNAALHNSnOHoLAbNdgDbTl6F4VRVHrtcbuKhoeliHDgnkAAxc9bawC1g0Ick2IJ329eMcFMdSGP5qUOx+TQSpjbgEiviaB6V28IURUlmzWetNgLQBLWM1GINGbUhtmJ9aRMsd51tR+7WlG2LeP0oRl5SACyhd6DT83T1pDUgl7AAvdx1f9tLQFVg1mFvzE9aHl8YIor3bJro55mnhBY2eJSApxySKHpa3rWM78JNmjNMUQDUDTyt9Yja0V7rcWDJlnVI2vLluMxFywGg+usdlLsdb5a7buIz08OIDy112t0/gw7A4gnusEzBQuKq+x38IVtFuzuXBkxa5oNWFBNe9oQ/lX6xLC7guG2I+/hzh89blrbPTez3gF0ZLhxq7GsSUlKBZmLHyNmtfpzgFSsrN8PXpqwyYsuFc2Z3Ysxff5VjkS3UWQHauvi2hrAASxoK8vl9afxHZpBCncGxu3Iv6oYLsaWY6gedr+XKBJZjpzah+YgGHLoQdyPGpah/fyFKq5VDzYtV3G3S0coHcV6OXGmnSCOYlnA3AarWLaUDmARNAfcXrt9PHaJVWgALagk38L6UiyhQa4ZuTG+b7+EBPlFBBBBB6Gnoc4Cvc60qzD46v9olAsbAGngzMwp4wQSCVU5MOu1h8oJKeo02q9Dy+XSAjt+Z/5h94iD7BP60x0AyWoG9T+U130LfzpHTh+o13JI18mhKh139OeWsOE1hUAE1BsbGvx+0ASkgMCfJiwHrnDpiK60s/x1LfGKQW1z4gn9ufqsXZc4t7ytDS7+VfE/IwHLSMoB93dqnkNH8oFcpwKHUBmPUa6ePnEJnFTl62cgmmz+hEu2Vy9S3Jt7B38rwCjKYVatvPy5VgpkwAOSkAUBIctrY06D6QviE4S2JAc6CjnWkUpWBVN70wlKWoAPpoPnEbWisblbhw3y25aRtrJc+JoXUQAWsHpp1eDmpT/AHgIN2ILNcMafeMbBzFIX2alKGiWLa0rSkbsqQ67EnQFwPG+zhqRJXMTE6kJlqNUq7vIv0YsDpeJS4pmIG5GtyL1NofOk5dw+juQauwe3poSXTmU+jmwYUqasRBxkYqX2uJlSyR3iA9hU/AUFesXvavG5VqSgMMxQlm7qEHKlmDOwHxjJ4niklaVILqTqLGrhj1JjTURODrBJVUvQua+q6xRl6TEz2er8Pib470pOrSocAmKXNTKvnUBzckDxvYx2JOXEILF3YjerG0XsDh+yVmluFCoU7kMeXSMsT0GeFLcJFt3FnoWrWx+sKTFr7h3icd8XDxTJO521VK77+6G2N60pr5QcxL8mtRw3rpCpZChQuH/ANLeH1hq5CgKgjk7sOjeEXvJJCiaFIBI2LWY3MDKSwzB2dgWIaCA0ctapNeTb2tvFXiEzKEpSe+dtAToQ/g25gGpxAJUzXbZue+sSUDe/P6NyimeGzJbFLhYALWNQ9iNi9bisNwuMCqEMrUaG2nhaORaJ7LMmK9PuhaKSX1cUoz/AEfkY5c0AuC4Na0Pilz/ABDJzMKENcaV5EeNtYUKh9bA0ruwNHfpHVYkAk+Na3066QSMQopKQGfRrjq/hC0JNS96mmvrUPAy0kVdg1D8CbilhAGmWdtK6Gh1NvF2hhli4byq4/w0Oo8oCWHUC4qQ96Pv8tLeMPIYlz3Sco947eYpqdIAP9UvyMdHdtzT5TPvHQASqlq11YfD7wCk5S3nufLxhtRUVF3tpu3poEzGPuJcbE/VxpflAClFHNByt418YPKC7vTwBcapPzbQ1ggl6hBFQ5FmPjrDlpcgEm1EuQ+Wj3D+LwCJCTcO2hBPz1tAYrEdmnMS5JOUVq3O2ukWVybtTLQAAO50PyMZvEsEuk1IJCWcEUodNxvAhOCwilq7WbUmwp4U06RfXtpu3oxZ4bPRikJTLSE4hIYoFRNGhSm/aVsL9brUhyxflRusYMtrc31PruBxYvlaxfn1UMbgc6ae8m255faG8HxRmd1RGdOhHxDVfdmi7MklJY0I3bWo8NjGRxSSx7VFCPe58/vFmDL15ZY/ivAfT86n59fVsTZqi/ec2F7NW4fw5coyvaCaezQHo7s5dq33ruH52jRwqxNSFoAq9CSWOxLcnvX4xW4tg1TEsl3SXY2L0vp8uka3zrQw+DwcqXLJzrWsEqCFIHZ94hIJUg1IDsDqN4Irw7AAT3e7y+X+G96vGdwz2hCBkmSpZUKPMRm83IY9fkwjWl4ha5a5iJEpSJYQFqRLQcnaFSZeuZ1KBFHqBbXFatt9YfT4cuGMe621HvoBGHZwmeP9cven5fhFTGpwy01TNzbqUghtW7oILxrGXiJKZqpmFQ0laZc0rly/6a1jupLEXAdw47wc1EY3FPaBDFIRJc/olpFdHV9vGOVrbetJZc2G2Pmm2499/wCmPwtOWcpIroNXqGvG4ua7A5swYd971fRm8rdIzeF4dQUZkyil0Y3Yt3uW3oPpLUhGY3H6qC12Z+W5842w+YtMTM6VsZiUy0ElIzG1CC4t0b6wPA8MllYqeyiX7OWoFpirE0/Il3O9E6uK3D8N+JmlazllIBUfdsGoAWClFxTUkC1tTG4oqKSoMlIASmrISBQAtXcnUknWKcuTXSHpfD+Em889uyviJjkqJdSi7ku7xTxmBKu8kEKuDu2nWkXsSDTSlARoRTwIqORDQjEYjKlzYUp9N4z0m0T07vY4jHitWYv2V8BjiRlV7wcMXDjw6fKLClAs7DpckfL4RnSkKWvtQkpS9COXPXmY0TqCDTZ9Kc43Q+VtERMxHZyqHKx5GgHiX5EeUSpNaGqfT9YIUY6EB2J6m1dbxCFquQa1tWlqlnYt/MdRGFqJVqBRtSCKVFjU2pvDMz0UbuxINSE2JI5b/SEoaqjc1tR67eqw5MssK5QTckN+a9LaeUB2ZPrs46F/iU/oHr/VHQCpaCATr09VgjcJre/lbU+rxy0sHAZywd6m7cr84YiSXBI8SGtq9XpAdLooEH3dt921vf8AmGZSVF1LYtfLToSfhQQLsXFGsGrS55HqYLsyom97ksN9b6QEqkgO7hIN2FdohKw4Y6FtB42PgxgUILHa3mzsNf3hyQX91rMHIceqWgMnGYMhXaSnCh3ikb7hvPS1o28Fjk4tL5gjEAEqClHLOG4egXycBXX3kqWQyfOhf4+r+OdxDAEHPKcKABKR833iF6RaGrheKvgtuOz0GExKFpEmacrH+lMsJZJLpmsH7Mk3uk1s4iOIcDxMjMnESigZsmjEkOySCygRWPOp4wFF5jhWpLkvuS7+ceome1ScYBLnEMlhIYAdiwbIaArlkAOXcMCLNGSccxHWH0NOLpa8clomJ7x7+X6eS4RjEygvMWAUCBVzewBGwrpDpczF4gFUqWvJmTLK0AhIUtQCUqXRIJJG28b3sp7DjEKmKnFQasqUkEGaCMwmLWaS5ABBMzUUTUh/UYPEKVJErCpRPlYRJQcVOlBODlhIdapEgZlYibQqKyVG5CRmjbHZ8taNWmHmcP8A2cLJQTN7ZnM8SMjS2ujtpikyzMoQWfK1bh72Nm4HDyMVKkLEtM9GFmIT2wnLJlz5ipgmlPdRMCSk5GIoGVeOwPDpeJw+Hx2JxqVyZeIVKxMqbnRLDN2Qw8tCctUHNlZIdwSzxd9ovZgJw6cEcsrsuJKRnWpKT2EyV2oWauQEqFS9WD6R1FOO4rgMSvGS1T5ZTPxMjKZi1IBQmTlVM7QJISyk7apBoYyj/Z/JVhiuUvETJqQ5VK/Dz5JIAJAMuZnSK3IcbWfR9p8Nh+IyQjCTMM+HxSJUtMoTApOHmhEsEhUtJmMtIUWzM6u80WeN8Ewq1LxUmUZMvBJxUtZlkSu0myChEnKtNSslebM1QljqYDxHEuAYzBS0zyZc2QqgmS1pmyi4ZiRbbrGbjOJIXLUAMqqBmowO+tOkfQsIcTh0Jn4tOGxMzskYsrRk/HS5Su6mb2ipZl4hIAqlRU73FDFHjPsvLx57bBrwySoMns0qkonLbMqWZZJEickWQ5CwQUkstg8/wXDKWhCJSSpRSSQkOWDklhUtfwjXVgfwqAuaXnKYy5XdKUJrlmTbg27qPE0oa+AxCMEAqaB2yQpCZa69msOhSlj9QLhKa7lu6+bxz2jTiJq5ygM6jmVlDJUrUsTR7m9XjHyTO5fSTxFaVrWZiIiI8fTt7fyHE4rLmUouDrqSanqS94zUIM1WZYZGgsDyHzJhkrDLmqzzAQkWTan0FL8ouJl1Zmbm1KAchF+PHy9fF5PGcZOaeWPthwSkKYEMC2h5BmobaQx01ax206gVtSAW3Nrnkzh39fSDIZRo79ejAnWvwMWsKEqJY1pR6hqEfODCgWbPmamxcEsWprrdoBIuBYV2qbB9P2hiCco1DtlcMxbrWrNygOQDoxIoXO40vlNReGBQzEEVa7UDPzPxtAS05hkUSDpe50bxvzvDVyspLgb1rR9dW+/mDs8r9R/6ftHRW7VH6Veao6ArhRI1IsFG4GoDGGSXDMRy01uRtSCQ4D5qiigPHziMgNduQqdA4Yv9oCDNUXr0CbAC7AW89xBDNXbwDMPAa7wYS1tdKghgXLhqV+BpHGZShLvSlw2mvnARkAADEk+GnVhs/IQ3DIB1YtY2BA2pV4WlWb6b+bRYlWynzCiGvUh/C8ACsOQCzkCoao8asLnXSIzM9/8AEK003LHkHv0iZiW92rh6UPQ79BzhISzgM712o9uthqfKAXikywgqWkEp6fz6EWfYj2Vm4hScUZQXKTPShMp0p7ddVqQM1AgISoksaJIY1bB45MqEuNyBps/OPpOL4eiTJ/AYdRzTFrliaSFIlSpcuWcZPGVPedYVLzKNAhQTl7xIMmz1cTOJkyMTLlypH9ScopWTi1BQSEhEvvDCoSkJo7AIUpycwp8VlKwMzCY/Bql5VLyHBy54mpWV5e0/DpDns10oQ6Tlp7rXO0GGwsubNQcslCDhOIYZKJU5IXKSpEufJcFaFZsjl3qTd4X/AGbYvDfj8R+KlS5XEJiyZZFJKMwdSJYQoZV1IbNWzguFBY4H/Z1Pnid2qjg8HPm5zhUJEyYAkkpyrykIYmwe3eFI9lh/7OcAgkrwwmTU1K5kxc7tBlFakBwaMA9qVg8d7QoMxMjDo/ETkd5UqWVLykAZSZhaWgJP6S4LWMeU4t7W8QUxxAVhZVchly0qeaACAVrByFw5AykbPELZIq1YOEyZZ1HT3/Xd7THewPC1kp/AyhRyRnQHtTKQabOBXoY83jf7OCApOAxSpKMyZvYTVqmSFrSoFJUkuzqQBmdTsKR5BE1KgkzfaObKnrZXZNiFIQT+VaknKCDclvrHqeH+30zDSE4aaVY3FV7NWGKVCZKLJlKOVJS5KiC4KnRV3BiUTtntWa2ms+Dw/tzxGdJkjAzMJMw8ztVTB/UzyghYZUvCsBllKNSgEpfRwGZwb2Zn4FKZk0IOInIWpOCmIzpnSJaM04LLEImNVIuMh3Ajd4rgZ+MMqTj52FwcuZMR2WHlolLnkqmJRlKwMyVpC32NiBFDhfD58jE4jB4jH4pGImMqUEimLSUd0omTD3FqSjIAWcsgmlOosb2i4dJxOGlTsLJ/qZVFpSKLlS/94ZqUjuzZZUgFTMsEqeoSPO8ImIP5BmTyqeY5x7XAKk8Px0iVhZk0GYArJPyZ5E+ol9oAG7yVZFIcFie8O6Y8lx6SZOL7Xs0Ilzf6yEILpSlZfLugpf3DVNHgL6ZriwDeLbsdv2iszKYuQa7ULliNa13vWGF0kgl+uhuzir/fxgMxU2mhq2zPt0gBmEXD/EtvtqfhEyUuNxfdrh3N7mOlhLsCwFd7ML6P61g0kF3LOALULh/VYAZYrpTw18vpBJSkKIc1PwvWjV0/eIIzFJrdj47nmfpBJlPQ0Z3BLOE1IDi9RTrSAciSHJWSARqA+tCHtXbeGrnp0a5FaFgTrptQ6xWQMwpUvVgbb194a7QyUmgc01cUNasQLU+MANP0fFMdHfhk7DyH/pHQC0DL4m53o78hDUICa8ifm9PrR4CQBlOazUANASPIHVoNF83hoByrfnAQCQbjXwFr+B/aJSou9tNGHxoWaAmli72qzuznnu4iEuau7/5bG5tANAY001oWfl6vFqTJZjmAFQXoAbXcMesKGahc6jYaPUMdINCfhVizUFwdtPKAIyVu3L3mduvUG5pXxiriJqUAmgAbvGopbx1+8XE1TlBLgsST3STfVhT5xg+1AIyA3dTgNWzGml6QF72HnSjxAzJgKgEzDLSKFa8hEpIo2ZRIABuSBrHpsROVJxSsR+PGGlYZsBLV2SpxmmUhCpgVLsU5lAqJrUUJjW4P7PTZaUmVwCelShLJmDHkZwkpmBVGCTnQlQ2bRo89w7ELkS//ANcrCzMPjMZMCZeJmZpkqYFBC56pqQ5Qk91SgasTR6h6LA8N/FcXSufJkk4aWnELxEjMJWKBCBhjlUcqA1XAL5To0WPbP2NyYyViZAW2IRNViF53VKUohQnHKfdBV3gkEBCFczGt/ZhLmKncRnYhOWYianD5JassuWmSjuBBoezAtVi4JBem37bcSmDCz14dKDMlpKxmqFAJImINQojIpQGV6kVApB2s6ncPnXs/gTipGJwslf4SaZqVFCQxKEIKcqVKWk0XVQrfSKfC+BzMLhMQrGTCe3UcPJSVKUxRPGeblNw6HBS5bStGzZWFmSxjMTPlyZeIEqc6Qo4hSw6J6JIcp/3iFKKiCxUl2pBcN4riZpMzhGBMpAASvFYg5n7uS6nAqT3XWRS1oqittcrdky4vmRmiZ30nXr7i4TxDFYZKpMrg4xIJKu2XIWlUxIUASl0ZtQKEs4tEom46YmdNTKk8Hw01ZK50xpanEsIUiUMqVF8hPdTmdSu9VodiOBYwqKsX7QSZMyhKRNOV1aEAoAvqnXaMRc/BYdIVipyuKYkLmJlSQs9ij+soZye8FZ8vaMxzZxT8xsiNRpjyX57TbzFwnCcPE0Kw0vG4+ahQmKxDGXKQUspSjTN3aqOa9PH2v9okhcuRhsfKSEzcIoNMZ+4s5FgozflUp8yWYmmXTCRh+LTpWabOkcLw3eAzES1Mo21UCKC6eQj1U2dhpnC56Zc3tiZExPdSyVLTLWlSkflNUlZqSxFaCOoPnntDgVTJ2Kk4TATZ0wKJXjFlRWopVmM1JfInMzjKQ4JpYBPthLGJwYxQWUlBlzexUE0TiEJE2YhQqQZ6VXu5JYvE8QxuDlSMJLxE3iE8mRLmGWmbLTJCVS6IBbMWLpq7CgtE8AwqZ+DlS5mFxk1+0TLUmYhKG7ULyJSQkqS4BJf3k01ADzfDMTmSnvd4XFLClti0XJZT0LEFwGGtD1jM4pgjIxQl9lMktl7kwgqqACXAAIJdqRoqlks58d71fSzavAEkg0dRNtGLWFtI6QhyR7pFCdGLsfn5REiUCkqUKvUW20vt5c46UouSnVIevMMR8GsannAHLAAILENferEuNhqOUEtRNNi4q1Ld46XewhaXANWd9SHFnHWzEb9YZ2Y95IJtmA7tgLF/j0cQHCeoEUBNdBVydBox0t5RBNM1ASagaHcg1pT46Ryl5aIDWoakbEijc2+0S/ezVbM5B1rYt1/gwC3G6v8ArjoX+JO58jHQFmWrkQCLsBbxtEZXDOxcmvNvif4gQO6AC/i7eGtvhEN6IZvgDzqIA0ocdDq1dOdo5Mo2Vb5g00enh5wtTknXm5IH7xYANWOrlyAOTn7/AEgAAcnK4/xO138IbKW125sdhW/SGE1cFyA77vt0f7RX4wtSJK3cUb/mYevhAJ4VixOSX94aeTEeHyPjU9opLpQpLlnzDZ9bWp8oz8MFyQmaKpUCD8R56iN/BznYpLpI97nYm9DytSORMSlelqTq0Nf2ZXhcUhXZcIkqMnsxMUrEzQyVnLmYJLhxU1bNZnIy0+0EvCqmYXEYKViRh5sxMkLWtpX9QlSaVWlxYtcu8V/ZXtE41eGlzUSk4pEzDlUxJKGmJORwGIOcJZQsWLGx3/bL2bE/HTpoTMT22HXiJctKUlRxEpQlzZJD94pWFFRDk3FDHUXq/wCyHis+bMxnbPLnTVIxQJBEsoWCAyXAaiQmtjQ6x9Q4jJGTKpspDFBd1vcMKVG3PRxHxH2bxKeHnA41cteGE3NhJ6FrUc6AlOWeEEhSUZxVLUY5asY+0yMUlaApu0JdlJ3zN7ygkNmowuz1gPjknhK8JJVLm4FOL7LELODS+fMmYoIUGAc5SkKyqSxzk6QrjhxUxObi/ERhZVAMHh2KyHLpMtBADfqUVs5GhEavt3xZaMTKlYbMmTiCpCUqSQUYkAoStFU5QpRQSlQZ0EtWMnhkmVnWOH4dXEMUlX9XiGJcyUqdnQkqOZxUF81iHgK/CcFhloSrC8Fmzkun+tiJ3ZhVbAF0F61TpoGgsLiZ8mfNk4HhkuTiiSpUwKExOHQpLgJm5ikBk5ndNSQxipx6ZNPf4jxQrCnBw8gnOQCqpQAEJ7z+8A9K7Z/CZWLxEuZLw6jhMDNU81S1qyHLL72dd1uEnu0S7PZ4BnFzhJSxMxmJPEZ6hmKJa1Jky3JVlK2BLm4TlyuaGN7BY/EJwWJVOwacLIEpaZAylIzqlrSU945lKPdL0ql9SFZ3DcPJTOTK4RJ/Ez0VXiZxAlpIBV3MwTlbKSCGJykd+Ee2ns8sTpMnEY0TMZMKlzCpWWRJCgMosAkqU9qUBYPAauCwypSBL/2fgMUuXJSqZU5woJcyyo0XMCBnUElg7bA4kjsMPhJc2bIBMxJmgDEzpZIM5SRlQlISCNO8XSFFyxCbfGcbxJPfn4eSDkGHlLCQkLmTgUmemv8AUnKQkgqPugigetL2w4tL/CIwqC5E1BScoBMmTIEpKjqCZnaFiXqTQKEBg4nFCfiu1lIUgOCylqmEMGcrVWw1i7iZoQlRNKUBNydB8/GF4MK7JKWIAFW1uS9fT3ihiFmepge6kEv9fpCZ0lWs2nUNLAHOARUkOqjh6jm+tYZOGXMmhcAOb3dttrbRU4BiCEFPO7kMktqK3MXQlwnMczUIfw3/AGgiQmUzMLEggO4apA+OmsOzgh/0m5obaU0GnLSFpCTpTUkdC3rm0WJS2ACgTqT1BcMdag6O8BKZpID1bUUfObHazwtU4sQ9yajehv4P6aCSKuk6VFHazZSSeb2MSQGuw3q1SKBLP4QAun+8Hl/8x0Cw/wAPx+0TAdLUQvUh22Z9G0hxACnegGwd2Y3tASU01ejajw11+EPNCTcCzXN9T6tAQlIZyDV96Ue1aeEMCi9H5BjQCv1PxiZQF2B30alWPUxE2cS4qeTMW3L6wEykBh3SzW+dWpTpaM/2hWkSClLtnDUDNUgGrg0jQK8yq3ZqFqan4/CM/j8sdjTQgk0qXAHwOkA7h+FSuTlJdkZsv6gACodQl1f6TGRMQvDmhzSj9fkY9L7EF8RhNsySXZgke+S9GbM7xue3vC8Bh5uWSJyhMQJySJksyezW7FPcKiHSaPYCsY6TNZmfV9LxWPHnrTHMdeWJiY/ifR8+4upK0pnS1BwcpA94apJD0q9ekfTZh/H4SXMwk5RxiQcRKKVNOl4gIAxGHJFSJiEGYg3JlqzEuI+S4zsyf6WatxoemsbHsjxNGDnviZJVLWliQAJks/lmSlGyk2axBIMa4ncPnclOS013v2aXs0cXxDFE4meohSVyVTJqDOYqQT2cpBtMOWmVrc2P0X2S9qzhVSMFi5meWqUJmExBStAmJI7qJiVEd5JBTsXAJsTi4yXMKVYrCoQqYVJnzsMUEJnGUCqXjMORTMys6paajNUR4LgmBXxTGFEycmWqaVqClMEBa1FeRIKg2ZRICU1dVrx1B9v/ALSeDrxuDCEhPaiaJiZoAQlCgQD2jFSgcii7OxSHZo0PZyVkwstPZJkpAAWEZBLSt152ahq+VRLlwe8S8fIcF7UY7BYiZgZRGMlkmVLRm7VeQgpaWtFUqy0ZiEke7G77M+2k+SV4XHS8SJ+ftHkywpaUKlJAdKSAC4CswDlzakBZ9p/ZxCJ0yfJ4f+ImTT2wmTJktEhCVBIyZFMkqFaOo1BcUauj2XxGLWDxOevsUAAScMCEpKTlAWVBhe4Cj3riH4/2/wAJNQuXKkYhRlgqOSW6hLQcxzuR2aAaE1YAeGHxP2hxkyUteGw8qXLCRNSFGWqemUklQWmWG7gyqV3kqo5dmMB6zjXGMHwmR2UsMtUoqlSkhObN3ezmKmCtWJz7PlYx4/goE5OIXNxErFTMaUy5qc6UzZTBxMSlYdeU5QMugNHYRg8G4NKxUjEYifigmcjKUpUtI7TMFpShS10QQUAvUZdqRkcD4SJxKpixLlJqpRcqVqUy0hypTVLBgA50BD1Xslh1rUgDs/6BmSpRzulcwhWaesKVSWiW9QwfIAxJMec4zxUYnEJmFARLloly0pDMEy0hIDgB3IJtrF/2g4kEJkyZKiViUUTG91AmFJ7FA3SxzKNSVF2tHnJSAFNMzAcrwdrG50v4nGrnEhL5dSaqbmT8tY0ZWCCJYUwylTC7lg5LaVYebWMW+AYbDzFy5ZRNV2isqezUkMS4AyFLmrEnNYGNf25w6UTpYlqlqlJkAIVLJKHQpSVuSS63DqtcdTmvabQ9rhcNcVuXvMxvfhr0eN4MpjMFRYPtUxpKT3U93u1sbMPN7Gp3jJ4UCSo6E3rsfvGiCprPzfeg570jS8We6UKLMHCjY2ozjRrbxYUAAEs5BqxGrGvxcxXllrEnRzoNr0v8+sSBVVSRoeaTfp3ttIODVSzhQIflWw5fOCUDTLQ3tVwb8rbQAHzYbeIP5aRIWARQpuxfSu1fneAZ+LH6j68I6Hdif0n4feJgBDWLUOg33+AhplJPMgsBWr6uICZhlABQoyfOugiZKblhW51FtdTAdMBzMGtW7lq0r8IkKKhQc/BjoLvTWAQWIIIDOOfgKN1MEoMQSWPPTWm3XnAFJkBXNnNj0H2gOJy1TEKQzuKVBci2lnHwhiC1QAHZy1fLSBSkXJt+ZhdztXxgMbhWNySFH9Lp8FaeNR5x6vhc0YvBGUk/1cPmnSxqqWovOljmlXfF3rHj8dw0/iMgstl0sAQ6vKoh3C8YrCzxlUQArMhWx0fkfdI25RRfF3mHrcNx8zNMdu0Rrfr+tdJKSoSJpLPLXtp03bbnEyZK8VMBY5XypAuToOu5j0ntDw+VNQJ8pJEpRaYmv9CbcpdvdN0nZxcRkcS4gJEsS5LiYtLLWHSEJN5cu1T+ZXgKOVcrkmY5Y7pZuEx47Tmt9vl6+UtKX7UJwq5UhEyaqShYXN7JSUssVH4fMk5Sg1zUCzm0LnemcJwfFVrVhlzTOSArtpeHKVvmB/8A0yklpir/ANSSxJBdPu5vD4DAIysU5nDk6eB0aFqwC0LEyQsoUKpZRSpNw4WPVYviNRp5WS/PabebVHsXipU9C1y1YqSmYDNOH/qLyhQ7QKllpiFMbLSm8a+B4/KnYrHnETBKTiFoITP7WWvLKJyErkuUqCQHQzKcMoEPGHw72oxEgqM7DSsQs/8AFnSyqcDRiJ6SJjhmBzUFBSL+G41NxGBx6pmdSkyZKFFSyqnbqy0NaOE94qNHd46gOX7XSxjcZkmqThMQmaGKPeJlhKSpIGpTR7ZtKxPCOJTZslIGDUZsrCqw6VjIiUqWohSVzVLDHLcB63cR6P2pxYwquKpQe8ifhFIKVd4ZUy2ykuRQs7Eacj4XH+1syYpCpUmWlSFJWFrAnzcyRR5kwGj1ys1ALBoC3wz2VSlSUzpgL98vmlyEoSlyuYtWUrKczZUCrsFXZ/Fva6WFLkS0pVKpJE+WgSlGQlATklSy/ZpUt1EklSgQCQ1PO4oTsRNVNxM1RWq61d4nlSw6UEOGBRlypDg3JbM41GgvaDsTqdlcQwSpKwpBBDZgpNUqSRcebEaFxFefPM3KgU1PLT0YtcJxoB7Cac0snuqFTKJbvJ3G6deoBi3w3hqSpRzZEJquYASANAl2JKjQA/SKptNekttcNcs88dI8f+L/AA4iTJM5w7FEoNV8rKmcgkGh/VGRNx6TKUztVg9ipg4FqgB/8o2iOM8SVNUEJdgkS0p/ShAYJp0cnUuS5JjNm4MhSUh2V6P3iNce+srsvGzSZrXy/rXs0uFDLL/zfLr5RaSkHKm5oKbPRvt1gJI90Cz22352pFyalKXTcEuLPeng432i95ZaEsrLWgqlkir26VbeASQ76G7badNPQgpdwRU87Vo59aRwSSdHvzpvy184Du9lDE9LUS/Pm/jrBJJoTsdBuQaePwhjZaPQV3Yh3Nd2Z9+sLSmhSFsS4Faci+lB8t3gG5ZX92P+uOiGX+lXlHQALQpnO7DWnqsM7Ugty8TyfrHJJChUBn1uaOT+0FMSHCtQK7cz9f4gFlYBtXcZjzc10ixhkbvy1Ar1ECAWYVBNNqbREsKymjpNOTk89OsASkmpPhX08EhSQza1J82o19bQQxD5io2emr9Hp1islLClmtp7oeAOesB1kAACpUSHB2r3r1jDUDiF91+zSabnpzO0M46o9wVCSa7Ua3xMXP8AaUvDyR2JCpynCSK9iLZhvNLUP5QxFWywvM9oaeGpjnd8k9I8PNdl8S/CzBLcKJTlmyVDMhQcMhReqtXuk2q8O4twiXMlmdIeZJd1JJeZJJ/Ksap2WKHVjHmpfCyUkqJzmu/gd+sWOF8Xm4dYJUpC02UNRsrcHxBiq2LUdHoYePjJaYvqN/49p/aurCzJZ/pKcfp+4sYIcUIpNQQ21PhHpgrDYiqz+GWS+ZCc0hT7oHelV1TmGyRCZvBpuVwjtUOwXL/qIID1LW/1AGORmtHfqnf4divP0zyz69vwxjxpIDpJKtmYcn6coVgsKpytb5laE/P7Ra7BLuAkHcfSNX2e4Z+InBJLSwypiyaJS/zNh15GOWzTbpVLD8PrgnnyzvTDxskKQQAQfnyMIRxGmWYDmHIegY3ONIBxM9gABNmADRIC1BgOVvCM+chJ95ieYhTLy9Jd4ngYzfXXopL4glgEpJI9ObuYCZLmq97uJ2t8NfGNrC8LmKBKUBCBXMppaKX7ymBbYOa84sSvw8sBSiZ8x/cDiSKD3lOFLvZOX3bl4nOWfBlpwFI+6dz6KPDsAnITRCUkBcxR3Nki6jrlH7w3EY6WcskKMuXmJDgFRUzBc4i5/wC0Etzz+JcWUtWhLZUpSAEJGyUinqrxWRgioEqJKz8OsK0mesmbiq01WsR08u0fuTMfhZmHmqdNUllB394aEUIILgjcXi1h56VDMBTV9NGpC8Djkt2M/wDKDkUztrlO6SddHfd6+GKUziE+4zlq2D05fSLKzO9SyZqUmvzKz38GikgnNahbUDpqd4Ml2JY1Yjq1HF+vKCmzQzJcMC5ehswcXoPhzhEp/dIvUdW+0TZTSwUXJ1br6HyiJTgk87i4rp1Hp4BKg5BqG/YeHziUKdzZwRTeoA9coBiyc4furelLhrnQGsCpZZn1qzUqLAs4gACTejl96Xr4mGLDsTS76AONfL1eAQ3Mef7R0H/stW4846AtqISzD6u4+ZrWJcpvdVKtTpoI5SSQGctVtNzfp8YJaTS9EvrRxR68/hADLlB06qIe9HqAf2h0lVcp3cgeqU+cKQsgbkUB5a6W0rtEmblpVNGPX08A+YxuKEV6afCEIlPQg2FrUgsMpTkAUNSTy5colYc297cnN94CrPkBaSkhwK84qSMAlBzAP8WezHfm0aak93Yu9elKmrwgnm3M8rjz+cB2WgNzqK26/GFYqQkhlB7UFxrTaLCXIZ1AX11u/wAoF+ZfmBps5gMc4SYist1J2Pr5Q7B8aUgmq0KZnSSPNq+bxeJVTSxawpvATEJWwUARpQa25xC1IloxcVkxdKz08mqj2rmzB/UMqfX/AIstCzbdgpvGPUex/HZcyamSqWmQVuxlDIiYrRKgyiFEOAxudI+bTuEtVBY8zASsYT3JlFDXdormk1ncN1OJxZ6TjvGp8Ndm9jMV2WKxGaVLUe0mJyqSSgHtDVIBSxDU622UOMzEJYGXLDuClCAQf8xBU3jGVjccQpaiAVLJUzWJLu0VpWBUsuupPOz7/tEa45lZn4ulOmt2MxfFCsupSphZhmJLVsCfpCAmYuh7o1+lIupwqQzAMQTzt94nM5L2b5dIvikQ8zJxN79O0ehcjDpT7pq7FR6ix0i8tIJDs+htdzTlFda2arHdh8okTdHGvrpElBOJw4XcPzHr57QWEkBIYb1OtKeUOQoEVA3+D63845blixpQv0+EAsF3Z6cvHd4egAuRyc7VautYQU1NjzBelPM/vBynCauA+nxrr/MBYSsh6AVcHQ+m35wpAe5LOWFW9MI6ZOGUC4BoCNKC3x8YUipDHnWjPf5QDm2vs9WYBh1MTLlPRiwFtL7anlEDEVua63y1vHLUQdqWBsN+rQD86/7z4/vHRDS/7tfn/wDETAPw5qogjr4XPryjsQsNoAwI8+VPAwhU4PlFruLuPXxiZQNyzX0GnKAbJUxY2bk42+AgsjpIemY3156tQm0KCgCCxAIB/eHIlODR1XHratoAEoAYCrbVHrlHTFt3hQ6ipoLA8oZPcPo+ooOjaNFZQGUG/nXbrpASpT31tYE6wibRulttx8XpBhGpNX0qf26QwgHk/wABprAKRVgOlubs/h8IOYbvRrtfxaAxIV4bvqLh46WKEtTZw9iz6QDswYjSwLW6QgkuCDzca/SICmYAVNbioaOlmzE8wLtWAOdOGw1F6PvGZxGUVOsMCnQUp9T+8X5xy2Ljdrkhn5RW153basBW4ZJK1Faq7fL+IsLSQ+9m29colK6jLfQW+EQqYSRSDszvrLpinYFraQSyGLD3fCunS3wglyWbkL+usKxBTTXmNYODlTDQC6rU+8SW90sdHrzf0YWiZXwtaGYdBozVNQ2wq8AQKXb0YJMwuoAvm0v4eX0hHZgXcbWrQ0ju0N9N9rfzAOqAGYMXD6nl8POGTC4LP16u5+YhKg5YMKX3t4DeJUqlNx09dICUaOx05+vtEJQRYO5vtb14wITXTbT0f2iZai9HpTp084ApVTXXXfXTzhkxBHdyux30rr46wBBUL1FTvU6b9IgzCGfy1t9qwDexm/3Y8zHQTHYfCJgFJmulqvXw/eJqSKl22d9X5wBU1vOreHlErW5qfDe/3gLQAABcl320a/rSClggiur1a+n1ikgh730uH/aLCJhBdg48nFPP7QDJyyKkX5+bQoGwLZXcaOeu4icTMcv+qmtdmeKyi3Llo96DweAsyyFC9NfVdYgLy3B22J57iK7tUvSxsXiyhKikgWex+h5MYBKySO8onX6CBSpnJBO/KCsW0vT5Vr6EcEgCxrfW2g+doBiFAgc+mkChHj5U+8RKSwoHOtPntETCUsCa8/lTWkAEwMSbt/FoVJJBcvX1WkNDly3SrblmfeFFT6faAhar1FKWA8jAtbZ6i4jlqcmrmICr+q7QDJ9A7v8AaEobWvI/OJmLc+uUJVr5wDSrp6G0WJc3U9RuebxTzNs8GlreqwFhU6oNDS1KU1hSEVYg1Onn9YIEBqhxyoWgUqr469KwElYr49eQBhptUVI+WnraAlEBwfDnUFoILDmjBrs7Ue3hADmY20vR3/iCkFw25ps77b/aBMujvpZ6+NLRAJbrr9/lAOID6V8+h8vnEyzmDPqG8rt4+cJBcG1n+VR61hmRQ/zGnKx08fmYC9nR+gecRAf7NRz8k/eJgKn5/wDR9EwSPy+tY6OgAVaDn+4Oh+cdHQD8V/u0+tDCF/8Al/7R0dAWsTcdT/3Qpfuo8fpHR0Ag3PreH/8AD/1D5R0dAWcNceEVp3vr6f8ArHR0BB91P+X6mEL94+PyiI6ArSrmJV9o6OgFn3vH6xM33j0jo6AlNh1+phi9PD/ujo6ABNoiVp1Pyjo6AdL+3zMHi7+P2iI6Atyb+Cv/ADiniNfH/uEdHQBYX3x0hmIsj/N/5RMdAVo6OjoD/9k='),
	(4, 'Davi Guedes', 'davi.guedes@email.com', 'teste123', NULL, 'Admin', 'data:image/avif;base64,AAAAHGZ0eXBhdmlmAAAAAGF2aWZtaWYxbWlhZgAAAOptZXRhAAAAAAAAACFoZGxyAAAAAAAAAABwaWN0AAAAAAAAAAAAAAAAAAAAAA5waXRtAAAAAAABAAAAImlsb2MAAAAAREAAAQABAAAAAAEOAAEAAAAAAABWkQAAACNpaW5mAAAAAAABAAAAFWluZmUCAAAAAAEAAGF2MDEAAAAAamlwcnAAAABLaXBjbwAAABNjb2xybmNseAABAA0ABoAAAAAMYXYxQ4EBDAAAAAAUaXNwZQAAAAAAAAJyAAABYAAAABBwaXhpAAAAAAMICAgAAAAXaXBtYQAAAAAAAAABAAEEAYIDBAAAVpltZGF0EgAKChhmJxr7BAQ0GhAy/6wBEUABBBBBQLSkycGxkOCYFkxhnm4nR+jDrw4yfMk1ujte7+vtoX84Oq9HbvMW9B7gPhBAyAXozHo5/Ljo3FbCHN7xeUb2GXdntdaH4fUEpnZRzCQGhPe8066jz/s6Kw2luvZ+AxcKq9RAbrIRDFnZl3joC9m2Kf5Q97er0PKJaEm2YUI9HThg+bZ0YnWTw7jN1ivj7uocqwl+erQUUXZwRYZl1MGMsNHer+RhGzwoN46HHdzpTa6DvPULpv79AgWuPHps0btx8oEmlNWfuPveuJ0V6LjbyjfzwpSvpuAZQ58oQd+Ud99RIhX9DHhEHRpCrYfN+qh9rfI59VHMyG7kvBDPXflBFf8StZKLQBJPbqDmJTayK1URPq2WgQArTFmu2e8ZLPQWl3zImnefRGJql7f9Vu/1AIIlHUvdtl6AVcEbQZWMCerbJtHjnNTzoDfs0Uieo2P2bwo8ya3+u6TNkvdG+gTh5bDQvZzYyWRWYtt1DN6tff57jsunPbg/uCHLza6G/4gCdIlxJv+TAWPvub5lmJMq1Mla57Bqc/mJ+cjM3X2riKsDHG4aZbQpsgTmg+/7UYepZokKNQ1kJgLpTrCpD/SdxdH2v+EO5dgm8JBN/6RAsCH4cKsP+xf3aspAxSfCErCvTMmjenD6gfsGYM5piksmy4kuBqhFEuotUb7NmzlSi+A5y1U+7dGri/7+tKdWETAK/7M+6loupNThd+tMGthdC2kDrBgml3DlsGWL/Z0BO0KVvaqjGs6ShRVLGgkn1EzSaHWbWXehYK2C4LXw7VFdgfeKDRIGYc4XAzuo1hBnK+azihWrRO/wDFME72XiHgyI7ZzXqyldYbncK6W9oBlz2/yTyctyRhbA2aQ8GSCsnX8a7gxnzMsDuUp2+CwOOqvm1bHL570a2nEzUPuqwMF2v+W7o86AymGBenEAJYNR6DdF7bo2PxCc1kwDFMpWKuScrXEe3ZuNshNRhzaETrytmTglsD7JBgTiz3SkaDdl9X0wQpS7r2O7/ekETQu9U977fSTHRnimvJiZK/KQnkN6csxiJMKEmgWNc+1PFrYtARhGB/Ms87jL7zFXZ+P/mfLT/C8vckPSCFDTJKPsNKSty0lRgWqsaoNMd7kDtq6BuFj0QZTSV/7DoPqQbpOpRnm17W9OeJPyuLC+1C+6Aisf3M+bj/3gK1WjIy59yuMBmjatbvOcN7LQsPsF4xEMCnVJWGzYUaQiFqRfKiVbta4TKbIplPQd5as87ESFJrdpS/XBrxE6PO64b1k+Z64QZW3Jv8W5XMIPMf/7AX1meij7mHZPOc2c6DsZP4x+mx+83VB7rx4tSjVrQxHQ+qGJSKQis0dr36LxIoQcFkRIf+77DLCKDP4BXulZYQpnoCYP0UN9u1mUAmSibp8H06stuNsxEWePdPLM7FyUp5ZM+ZGP70REjdJ1/vOsb2dfReBEruqNKZCZGWQjauChPE+pC4ujJvuNBHn2/SxCT3EIHowbBG7Tr6N9QW932p3s38HSInQfvBS0BzMW8wbDS/xjK0FwDspWJ6Ztj5P0OJoU+XkH9eYR8Rw6bdbdHQRVOLrLVzphOt46XJv/Ijkx1abfacLpAInnjfrnCfQzFfSA7AgnCoHVq217rT53NY2CaRsRmkPLkbvBtPj8ax6XbnW2O6IeLEY8QvRMo5kbkXzFND+8m0bop3O8SRhYh+tk2pWsnqEZPh4RMLNpOmgU5/8LhCWAi9Q5HgK1DT5oiyxsk7W478SqobYB2H7QMnzYVEGbhfiYNv6SJSUguUCGn6juUpHArAd0+nPTzg+tybdsDlz8NFDKz6WexYUGXZMDFFzv19x44yF3DTe7eK1iaFvmKSd+wPP32lRn9t3AUW0vlO4diffpHuAHKfqyseza7WlFD95oU9/VV63s5zn6+j2+77lFdpjBqXnOuml6KraKQMxNHCl5N3/sbriIvPpzC4hWWAnfalrVvhxkMOnfVwxZeO9Zy43lZ5MnF79rwRtEvvVsJudNJongGImZyntEY71bbsowoOZFkmVvjZY2p6YtaZNlj90J1xWURc3nNLrzbgC/njc4KUGroxpAG8YSuOXbcMWtbtq64kj7+NRiUR6OWViOTqqQ76t4ZNXoP07MiifubcEVCYTQrNQWPkrbpDrkUv1JImt957LYXL9/lVB6E6ZA8v8/gxiUTmDTRb65s1gfSPX0yOEeR7lLV4pAXHACfFRp3IZ7RgCEdnvBYG0f55vHcPjqP5mjUkdK9yf6K1aAvn4bZsxL0PpY7VuTimeD9w4RIo6ZgH21mMGOv8EI135rOY1DV1MyfPhhxI6NG9PYABmzu1BDS2lQs7t46hRU1MGSWyD5UCndl3slOWtPtbVTY4c+GQQ/h7Ca7wviddOXPBi8mHd1MYfmNfkkHfaveML6ASRN6sLeAWA8YHwDkrafinf0mnHGg80Ie0H2L3NOZRHIGI/6XtKtHnPoH4H34UNrxYrRO7fxN0Pg6+r0lX0IECf+iErmvSO52Ip1rtC6AGReNhzh3Hx2K+cRDhYrbYvT4kzBpSnipleNYIN7pAEXlkblUfP0y87lh73sqTNw9BV4QWRVy3s/6cLvJgAauZ5J4gRV09vGIvQmVszWlruDDq85zI0lWbJvbuCN6En6Z+UTDv9Rx6WEu6otu6NWLathmbQWUX3HKiwgg74VzubAmaMzA2oQg/QcfszhGfRwFKtCoPCSYuJ2AVEFE5FEpbs2nj7M1fvekzLC/ez8DASOpXdC9a+8KnaVpwkyjsIo/xqDtrORS7tPlD1W+gsPI1YksWBQH05xisddjmfJ/6AYqPZXp/d3vcLw1o+srQ6MJo3kw4gCDY7kIrMbxkIbz+Q3+1/DRkWXelTs8qo1YtTBGfFQ2vU3BNDmNHmPoHqv6ZU5zXIQi6y59qjoNtLFYf1LWqgbyR0utxMRsxmC58MMupXMA6D5Hfj01uy5cnlEKAqDWTdpuqJIkY1KCyckAY/01+ZdFe9tQG3k3X643wFjuM4DuldxhYcgUZ8NThLHP81MfVlQkjv7022zK977PVwnDfXrsiisTdceJJUb2eGLRH31gn8DOUnbRMfaHUxXE5arg+Z7SL8YGOY8RV7YyOGxMJPobPmyK9k8tGWI68TJnMaxoL9Q1YKQVqUKVLFYCrGc4vm9lDX6zBmp8bEyx4MPzvLlzgkRDRcle/IHxHglEnjZlyp90WdsGq+5d/bppyzprRU/abEdn6PVL//bcCVMaASZBYOP1ZskXEzK2tahlo5Ehz4IC5Kk/0CX4CAWvVAeoPpChKSLAzh/FAsPzthzo3JQBGOMw7dxRof3l95qejel8iYT4iWbWPHmv9GWrx6cL4JmblnlTQG+zIZuwfv37WpwLildfP4GImmtRxwz5qzPyCOsuHCuOXh16kNX4cJrguDJoPqPeZE10KumubOmNvVpVrGSVCHaNZQyYtW+5yq1R1yunNaLDOimaZ4lmd4jSjOfgoNJnYbYVuYzw2BW+vmkLPNcR6gLhECTmPxFQrRh4Kf9pYcT3BfSi8qVJuQZB7ZQYgFAHYyzulmzIvonIFeP/sVMDD/BHL4+adyQ5zLFcK7UizZA191Tf7A5rhWlS0JnZW8ceZ9wcSrcDeZD+RgRD4vY3PEZdPJdi3qfwFcz0CErGv65Poses/wMKYtj0dvrH17S91ucEwtcHtUz5RNJDZmzE0eRi95A2hZEX+YJZm9gTuzBc4DVEgx60SHoiZJgGLaocNwN+wUyYWPebv/BRgAOPOWBmUFOmSMtCmDINxenIFaTkGxJErbCa1wHFBRXLRVmcu54QVYYhSQ0b3DJ1L2OIYP6S7vZRJN2ekdp7VkuTXdB518HV3sc1iwGIVHz1fPEVTOXiYbTOBr1I2EHh8C7oCuhUT45o6jj2CmfauzC9FofpJ+H3CrXxlw03zx3B6S9hnDL+yvhotI1G0EU8/eKByj5hgNznBM/JA6QtgloBTE1jTm0aRRWlD1mGqTB5vpoNFDIrVmySNJREQbL/Faz5zehIhV6bGB+6ppBT15zXsFjwIRSHocM1HeIGbn+ZdlBMJKMyOXWVwtix1NY+3DCDYkksXbc9LwULjJHJqTIx3Gl2rYpJyU1CY0J73fro+HCx6rTf8YmIqMGWcoTMjTvVuglY6iaRa1/MJ+WxUHSCt0ZfEiSk6LZqS5H5kQEjZV3FFhuYE81K/cuucW2aM0fXqQzixzD6WryVZ1BMiQY+Nbs+NRRPfq4qkBfNf3QUC8Hkx8J8WDIljVhoKQskmpyRjzdEi9lGwAcuzmv5ZCaZytH4QAvPUBHF9KrYdaxBUJuz84fnonzZVOxqFvx3CD7lQgsPB3K6m5+ogNpWDxfePKEncT7SWCj559HxmrjcUEfyfb8r92RpXCwnvU6I0t5r7mke0oyFkEn/Dnjsl3eSrPdeO3a67dUq6yLfJsZ9SZtiPwT9K6NxQEgeol38O8fKAVfl0UJexfqmiDQaAYby2keuP/bTTPRUicS/rpTCBzNXgVbguxu9Pbs1lzC+pmBmc/gGmG7c73NpTbbhPUAfI/8uOh5OYfW6Z7QaQ2X9+VSFg5GmLmzeJ0IzwKkvqrEdr/ni/KP8IXKPUi0v5FUuCy4/+AVkRmb1i1wdNhU1ohOempkTFIbDfTJlrA6b2KAbUUONIm46lWWUY2xZuibPh8EN1HVSX5vW09goGUS3sNJ0v1XMb+Qbsa3ymHt7YWR/a4ZoMPTDD8GF1Ba/96FjkIWdG2lYC6ClFW0iFMPErJ7jIkCgDosYoxti7AcMyMjjM40NrTER1GD1iyPeX9+y9+1DIr2UGZW+oXe6ekQG10qOdhs6W2ugd0TAITyhuvHPcxMoRBtUVwy5/C3NnMVaxwadjvs2crg8mbH8mnRozoxC0Qpo/S7EoOOScSBFv3SeNypSEi8nlQkwe9RJez2LjbInLSszpTBTWDfe4+1HXeSvfuzEIaEeGD35R3kVxlB2LVEYXyH4qH4uif189YDHoMPZOXhJ43toA25IRyXVAKhVM7Cct+j801i4/HVPnIgLOrcSRwFTwTEdtqGl8gT5WizEXvTAMFpSn6hBsDsKORgZkbL/F9WG/XJqQPya+XGWnifwW0JCRpUTcaV6BIOU7mzXeRPuJ44GXoBX5geCAJn6Cui9g3qpsLCKjf6RZc9TfCLT/WyhaGlyNxg0N190xFQFLn/VkvQ9vgQzE7geyb6JcDFlTN09imVaqDPCElVRs4aAamXNgHoyJkdw4mpAlWpbEFyiVw5QuUITFz+utAh0qDfgA2/OJXiyMbe+7iC0PMmAswLuCuqANB4ife+nBDTyphWjPlVwktF2nnSmnKEHGYGLClVtS+I6P/feTTIRHrzyIBkC9XFctgaG699q0iF6DbHzF/dIaHy7z0tESeN3e9M1dNNawOpkLFdNDIdEwV19+sholYXEpVK37fIf2gLlTT3o6oOMEA2n7W0FsuVSYKYerABUs6494APg01PnU0vKymzA1lj0y93l7oWuZKX5y0nP8ECfENj6YXwIGY2/O2L6QwiTkQosL3LeeNifc4sRR0t8Jhf2a/QqgXdJZTDpgrD0/UelhHoj2I6rVI8mfxCPwh1iRdJNxVp3TjEYfifOTLQe0TQBa43LqUpN+EIbIIDWOjay4lL9FLKoIvrPnQorIsTIwnmFwOmNywCXTJZ8ewiRI+8Qe19wIBjKGxdvj3TeaHLVM/jyKPec4t1MOkTXunARldutTOvGTnMeEOpqh+kHUlKzeCox14H/+9JSrtA7JdgWwh+AkzRC8BngW2kKy2z2AUj0Km2lboQE3yPtYvqRI6bc4ZF81n4a4Hch56T5ldTnbCkaVzPHhKJTqnFl3EarAgF2KPFGDtXRSM0AuUOb5SirYaaJUxARutlz99tUZEkzPxe0BwRVbz8k6SwFjLGjQmjZMfCB/0s0PANDFKDhtCx1Z1Qf5dCPa8eZSIdcN4ealhCn1tu5qsYVZtbiiJzPx3x8i9yqmJPBKBSqDee1en39oUyl5BY4F8zrcMcjMnlXstVqMVXU59UHppZOVI7eyP3jQdHOXYPNgsLRqSnYTtgb81F9Z6k4FiJyymJvFeUxKDRVYd0wJ1kRhbHYGkLhUEgdT4L43WQ8MnfWt3kHv4TaPcAukWtjAcymskNZy8QC7VMUco5rapsYIoJX+iweJJg9kbftkkE79c1hp4qoYbxtLfC/GD+4lbFukdBEKGK2PHbQENvmzP+xNJxgC+vx/q/z/EGyjhkNwiAY+8KeY2BtEUmtQk+ug2cN1Fz3yZM35FHOjnbbE+J8mZ3dBCTHhMRF3hJVx7Nm0DSHW2C1DxZpUmpZU3c9/A5MkCxYLO4bcIrT8Yw4u1oYtwIzknDr+d0di0QDx0sbVcAtZLE700ZbYtLSq+xfU3EXa+wmBjrT6Bg19g/ehP9z4DPRDRLn4urR8tyATDB0uW0ReUtfXEI5OIAYXUND5ySSECaBbL6OhRzofxi7oemPNFa8zf9GEqQ0J+m+gl7GStXQcuVi7Ql8jlBmgS2y+ytqUUVZhSXuCa+CUF0nx9QccQESpERE+i91VY1+kQ05c1LnqAjHIM6mDsfr6qq5QG0l04wEKPbzo9rLdYRCSxyIXn/ESH+u77IE4LRgecvGiT4e2YHh7YegdRz/Lqe9kbYFkm1u9gXc96Gld2uBqehbwj6rplkt/H1bPTuA3xcG4Kti/VlWmdLiYxvCdGpgqCz3i+VWfZ8ZiY5YAZNgv2iIFJOnbbeOXVKVNyEvP7aVi/cy2GZar4P08NwyHd8vykx8I8eu8zasY0Gi+rA9GXmA5KI4rxyF/zfSVHoEoV1pbM6e71jYbTdfBeL9D9TZwtQEh7o+JM2vATQw1rt0Jlh0IoHaouaTDIYVd616vh3BWIVIzVrzVIIA+dMg4WtDZCZcO0GrF+It61+n4qj9BoNXWpI1leMfyi4TWniew9EOGVJu/6LTeyC7uf0q/OP5GoVfuXPzVq9mlp8gbfHySo9aMBcsOatjiTq+x3UjI1e1LuJ3rg1gPtJSCccIC+2mxBLSCbutI0LAVHtq0BsBx+YPdWJVus42UErdb+zoAjDbVGu6QAuIdWSBV7+jBasujadZUNDx4lZIGBoPcASaMP9eFxyZJsxxu8eevo5zBcLeBIFv40yunAqrlid6Q8/VT5AirtcADfDdRDZdcyPjR7MoEc5edPnR0Q5wWrzIOuy5wh8TANp04epMCSaVNaFX3IzxKOazHcfuOQu5ndQxINlk2dsTucy455DQb5e4Pxs3OCUFawJ58LXgK6MJhlXjKMlXe6t+m/cLdC+JMPRT+W+GQpBqwk4rKQkVS2o6Rr9DDog/RtAEZa7JxRpkXOdTgIgxAZ6BS7vNOreOWT581k0LXgOQv5C2iB5YEOz+p7/hMeDLsDsMD29xpC/NTv+Azhn5XqB8HUozT+SAdTKH+x/F8yuWAp9hU4z9Xh9fTKeGDQJ/1dLjzarnuQD2UyyYs9ubaW23PgbAe2Q/CzBSthS+BdBZPEZBatOJRZwyb7naVy2PGVnkhpfWSA89MS1rbvQnhh/wRY1mlDcIEI+q/VJ2khih3xVFNyBcq8wfKzIAgoVnhwi0szh2oH4o0eRF2YT5QQHDo6JV85XOCs0nl9j7D4/sVE8nSiX2WmkH/Yvk/ldeF6ckYUIBcd2Rla8GkYG1D+x63gDfg3unBjFOuI8FggkfDovPI9D05nJvMZzIjmYgVtgzThk9imQt1DLBgTw7r6nmeHMPL2d+quy31Wi3/RdAt/9XtIsh9rUP0COKgAsPvbyAVkU8DnQJ1QUZ1p+Y+MXoUVO0F4MHJawMNpwKp0yp+l0sXCe4fDxu5EqJKUYMEHs9BvOi2udNM5KMccaDux5QTxhR2sNUX8V/VhY35u2T/NlMI8vlTO7a5dmbGUXf5u/jGKw+T+JyL35YuAeDJritY6vAU0HRZR+Ig0AflEN+q7VGAmwjIO3pfuhSUSDW+91+arlHDPkDJJbHcnpBIuMYeTAPCO9rEEGLBcSwFt94hOOqBHuXXRYYnjHfiidFqNLaJ9jXm7/U7wHSVdguYz3H0rD1oBQtA0QEXAypdMSyXp7MaOKs44SbxCngljKf6t3U4N6MMrugTjWyt+4aWdbnMrcL4nlE3TjRFoM3Sd5/KQFSmcZlIoHEgzsdaZhFSjHOoYj8EaGe4C29iGWbjEyAR17ArapUbtlKjZ5pN/Nu6jeqF4U5YRQMWZGKIeMtpfd2WlO0u3jzLrz2X+Dk77jm05VvOpSVj5weNuNpB/iYAymqkqdH5426R+X7iRevvUoq5wg276UsP2mb3nFDqJdMrQ0Ir05wrx1Au9m/9a68iqsN7FZrM4MoqHP9h5/Q3EDX6ENqf/9UKpJnLfJxm1UqEhsCjw5hi3G6Sg1AJeXKvwY1s88tx3Tvlb0qjcP/iZa8hMYs06oZsVQr91TxgTB0pP8mS/Ii+7RnCcozE3bayREyQVc1ZejU4jp+/D1JzM3e3sk6XgNEV13BRTLcAKR6FZwnRA7J/zcFCgkK04CcwTAnMakuE6lRoL8LZbuI67oTzMqJvoeAgU5d7sxyhuIS/KWzG/K7NtS6BadbDjayGXniFnbnoi0tk2cCWnt+mmzGAQZ+bw1MVTnP6VibtxP4JKnzjPWya4GYM58sQ2ENbnBW8xRm3ZBbqyyjbOrTHD8Dm41gPh+skkyqSNYKTNEkk+FkG/lN+YIgGWtuHJSDzIhLNkDZDWf5qFXsQ0ct1sg8zMt89yycBiwbtz9XJc5qH2hq4EtVWEmHAipVVNvWNDBCbLdY76kLuatwkbJ1QqhmIr0a6plj0VtRYz3rE0MqKMXjzF5DjucldWUHE5ZsMYRz2T1HwP5IIrjuKuk9t/vd9czy63nUd+skvJVvv64qbiWtJmnS+HHju4i8m1DWunK1FdVyi1Qa/pSJxO3MSzs38MHeKNytaH96dKijKPWFULuhlDtXzjhbx1glCu06r1DIfFXlTVtquhQF+BuqDsHgYw6tG2Lo5PEfumrVhoUVy/pA/GjmnraAqUV04MTvsUZp6wco5mZrmOkNL5x71KOLGQiEsOuPXBnG6kdIIdb7xAqJq+iLRvqdvBp9x92XQXKFoj8O+0XX/o3Uaso3LvK/gzJ88qtEkW+pECAZtyfRjKYkg/j9tx/No5dMQgtjTwAnUAZVJZSmIg2/wWmoac2TFZSukmB+boHqEttnbmyxaEcyMURphj2G1PQkwQ9V2Ncin99SiUc4qiJqq9Rtl/DdqQHyQjWoCAq0HMJeXU68UEGBoaKExQ5OstrgwlB2raVs6Gk+orvF3AD2x7hNRro3srHEPrhwSYd5JO9mCfDz3PuEwbg5K3bifhWsncfYu0FZgJqVsFNgpcc/rhPn2bTFIamC5x5nJDuKqQa+NJ5bbhQ8qu0lhhIEZVE/vore6oH64LDzogbCcw2E0B7DrN1EOsU00WWePsuF00ISnlRmG7JtNGw4yNDct50EaRkbg0TMhIA9cruEDi9JD7SsQ8c3I4glWd18anN7HNsFN1zwsxcBcwY4lRHvaaCmqHfZN+L1hxVVuIjJD0lAjdv+64kWLon3njBaroz3e7bLJn1jNvywIBPJbs0ZpIolxHDdmfTFmmbIek6XehiYmI9G9hXbGQKOPuWJT/nx5IcDijBxz9CHYqtnwRSRNPIRJemNfDRpObwNxLK5NAxM2Fee2dz0WI8l7P5SVetmukmN2ZUwyC0LVBh093QWjj/6fAiUhWrRaHIfYdmIozB+vJixv6vme28tk77n68/FgIt9HFS2IMXSjrT5knm0gasz317mHIM1gNDvy+JfrYL80CnAS0/PmG3SrJFQBJtw1Pipn3MWH9t8aCBoqBqIxiuqs7VYothM//0blRB8qJatEwBiTYwLokmp/RPlSfx02QqplsU/O4GYjB+BAd37JhM3kpBpWIhd+a+t5PJwUPl1Z/UsTJSBYnS6EURPLNsm5WGoSXoOqoJFEKfKOcy5w7550uV6uVc7MWjSCjx5vavTgnNaA5FOb89LzzDHboI9QTjxEd5bFoijfw+H6ifTK90Q1aGJHIvxpU40nH23H6vsdQTWW9ExQYnJ38eWger5LdCxMObwheZiO8dQe0uqqN5XyvFfDyTJ1K6EcUI9evVVltRmzEjgf6KkgsAIvVouJe70HhNA2UjcTdKU+FqstiRkAnv4+RghNoBxQd8ho0CDFfiB5iaSLYY6Q/9fcTMOMEBkquLg98wpxyzXbhLqdYMDICAHdOEYef7gZkrKfjUixoZXrDOrwdePdUMgECW9mdc2Kr0SE/Bpa+YlssMOLVkSUdknF44oXB5XIBi5CEIEHBS+snYAjHussgio0f6Yn0IMis3kv9GljeDAdX2T8MCA/dGQIw77xMlsWQAcA0EKFTpjcgsXPr6n5IEQNzYqs5yfP6V+gDBdxe6MFH1q+wFqyWnq/2vbc903Wk/2ov3/n+dsqSjblXFucek+1nQrFT6SgfwS3xAFo95yP6SNvAbbm9U4xHvKV35ieKfilr5JXnUloBfXIBFwaWo0uwzXnEyyDrrquTWT4r168hU8s3HEU3rwLbBMt/PQdXWUbg5FF7qjwHt6/MLJVYWVdC1nrysVxEwa3HCG/RAKO1VgAjuHli/qkQooqRXH3MTXPK1rM9H2LrawXHduOldwlUgEpFcnTe1sLlNnUCgLWW8xwbBVkQR64sBXFNiiBpwmJnRFUQhfCWWISoZH2Tmh6HiHes3tKVSC34Lm+ZwC4vJnrNr1tPS/NxbtBXpeBdvyb+dSe1whcB2x4ow4B74NZe9a4cHAAq2Vji2XExu6sJ2fnlYT5jag/5Xl9S1Qj5Kh8LZsBfusVdgqNfxuzWpXio3B2eSBGSjR9L6B54utwCktWjWt5iYaPVgHyN4SVolTstHhSLj6NLzwag+1d8sqH5F3EWYwaloUon0JCwsBw0aScANXm1o8ijnXXeiUGCkSSFPUw1MCWFv3O3NJW94K5YGPWayS0PSGxbAkRko024ZOiqDPQr7o4FZQkxi3kHqG4P3ERQYTZMW2nXSbTb0awN4FP1kXKUtAbwXcEzrM6QnKU1u1VI75yh7Py9qXSp4YHlrwm0WbHNRakYNEuhPpgF4vLAO7KluZuOHn6OZ987uQtrXEtZVjzZcjk7Wkvoj6t5YI2yHQcoG1e2AgfA5Hm5qXINSQ/Bt3oX+Hmtn+cS5pi439+DoFypQYHvajTSe1waAzZPyrWSl/J27CiHKGDCXWzvW2Qd+K6LoOEbUjCb8ky/7WvSPJ62M3k6gL+eeYgfYaYv4bFturnwcCswbYJLaLdxll8zCxgNJxlDIcjOyki5tcu8piErL8iCS1WhMAF7Vl3qgOO5VaAgD6heWQ3ZHgRoXYisNAeCTN/EUlT+AgVDisT80Jaee+PV0jGRqH4/BCdFJRghcW4FPG6aYchV438U9rF9ns3fAGK1K3gv+6dNFO3bmHmQn/c3VgR2mhOu2DEcxK483R3k8W+ASItpzBUcii9CpiTgIERBnWffG6s8lYoRdg1nSmPvH9SWdZhOMlIoaccLSME4PVsZsfBpOt9K8QUn+tomle3oUh2D7fnKTNByv3+ByGdgRzeKuJD1vd9ZZglWIIW/qsAXBylJMp8YMrZ7lhzHrXZbMoh+YAXtLNlbR2BjKffR27lf+hykDu64lenZfY1N0gqBvEQ7gFx7WM/Qyiybhf9wj/bUOhttfLaptmwwiexSjVXFPG2i9+A09lwHhPM5887iVhQP5bfNLfAsFqxJmX+Ix4LL9VZF14/321bW+JYxhitGZrKkXmQiSKwCB6XGmUwcs1I/19BDHWTbMpEUUNcccG7a1RAah0UWvyNKMuLk0m92hxKX+EKtsR+aWV7trsNPgdakYAVCRe/+k6ESdBf2xkwYLlDcXtF4PkrRkczR+eXLR1BWmmd8/+Q2P6RdqWPSQzt0Z+ae93GCQ///YeUOhm1TgNEo7Qo6Xkakt1LWCoOJV0sjdcFz38iFiqqO9WpiOBnqCkTy+3ib6XddG+/4bC8x7LsM2nDEn4CHNM4z1DxIueE+L9JOJcrpCaXwQjNuc8PJ37N9R/MKT5ZkATEx0VIaZKAIekbkFWP8vsQmt8xIIqTHEW7DvYzaIB7nXX80zKT8ZWbu3q7jUBjuBqOiILhwqmroHXrwFc1kjPTZQRs3d2BTDDo1K0DaXkMbjsrc/ZdqKksD1nyZh+wRqzLWw6sB3WFry3Tb1LnuZgH2V9Ox6qPG/MBf8LRKPH2Zc5oqHdGfe5jU/wGnDmzRYTsse4h+Ic53g4/H1Ogj8CR1htVYNnKPxhyikr5QXt3tUeRaQVXUDFPrv9ZIj/SmOeCPDUM7QFpn12MZqJR5mJK4r4xkYVA05JlF/Wu2t/9xaZAc4xnDE5OkFy95ttSXdppB1IYcFvP8sADu7LD1EXTrwD/tkyp8XetWWgT09PHZfMH55Z3zfnvKpXewtUdOF4S/bXSvO9ejJrsspr87H9+gf6KtNKT/4smDm97oH2M0XJByXI/A0O9EfCTEOBBD/jDcd+1Uw4fHNIRXvok2mAbqsRlSwJZC+FTXrpczJ3RYp6D0uQnHouiBgi9SBGbkZt/5HQzpOOWPWN/RI6ObhL3UR5pJ72Iv8Ohn/hWfJQG6bZf0w+SqDf/8AQyMztZvN0jMubm3HCKgjTb4+TC7lbEQPCMoRZlpkvnuQJmqZE0E/765026vJhTnIfFnqBqlpF0tpkuoy9hnwto84VmoXNNY+3whAwb5W1YV5yPBBuaeBM+wX/Vy37LaqGKfPSyBS+GG89VHGQl9SQxiGz0iEMn2Q3raHGUztwLrJmmtj+r/a1Ahe53BSXqnIWR914LGURkVb7vRt3PZ2HAjywmldZ0tlhYAdFaOnT/3VeERvPDSx/Nf32o4xg6kGJ8a9ZTVeEEHn3o+YL/fMsi/b9W7rlnnv4xcXQo2HBHx2EzORxMGKbTbde1gCh14dritc75cDbpa6En4VJ0lvoRw4O4bots/7Bz42+YAZ73rlEOhU6EdNo75bhspiAiAm6WUjjmUoA76Kq7WQG5nGowibw3E46xsyTYjiNAAetIhVf4LKTMHCvuen0o+TTh8kElHCdyJrJcqly4fAMAp3oSgl3mys119T3rKKRpGgj2Nw1K/5GdI0uAXipmR6KvalLK6quVQR+mpN79Z7yGDUv1J787bRmx9XsdrLTLEjXYKAF1/dLGiV4cjlOGaICLAPlXzuZMaZP3SM0SldXO23XYu1DtPiygnhotbgdBfXYp6kroh5nHv5eStXNzFCf5GgZchoDcS8R1LiZVP33PdR1OvRTnCe2pimfVWmzqYZ2/WexbLWB4Srugujnwe0WpuQxc8kl8kb7j++mKwwzE7VoerA79qcKCjzed07ZFClOoLyMTk6ManpbwSeLCQjK1pewJ4GowrK4CGv+S8i/YcuADb5YaNIxXUcnNIS7LxY/a4GL2tHPyDjPDXt+v3s3A6oCUY8d27mmD9SSZB1K9fAXKHAqA5L+MfS4BZ9pG72b8B7h3b/CZkroq110HN9uPULvsaLMaN+hufbEfEi1Bvr7P7ps6rN0NRXyHFwJOs1DnfjER84W9Xad6M5S5wtIZKFuAdVp3Xhif6sPejC4MThuw6oW96qkRi1K+LhhlZfp9NkUOQgkhIpjBVuUoOz5voRg5HmjQN4USAwee+nKXAVXOZIHrPuzbsjG6M9mS629zypAwevOl5jPxmXS8ZtPgblvHVoppd4bvVSJm9HPr2sTP8lxOp4ECH8CVR2bn8w0svMWZylAgqo6PlffRxxInV+DCJEjJN1LyOn/HHDFlABeiy/zosHJ8lx+gIYSlG9M6z9677dNO2LqcrsE2l2siSuUH0TeABbXAdpgndMCDyc+5aPDWcTydzUP3c9YEGZALjuiBjmfKqqSVz00JhhIWjxeZfNy5KQgCGMLsdDRQSjzwxVyeJDDGFbQIE8d5qZan2ykdJKgjihAKPJLaBm4xyrgoI86TaKbcmUvYGdiHqK2UwXV5lv67l6rtYbKohBv3PoAU2GXkU3UY+Ob8GBk9gbMo5TjRZTdMWtRrV+h7/3muyUoTD0n5gvwBdn4CU2BUcSBAKK5FBccHgOZGEAadUOKLn5dpqarsiUBvDH4J64JWG1VwtZf0qTfkxHGhXoCuF2dpUzjNWvJfcXGn7+6c2q8uhiFSW4LGRRuE2mL15gfttif13ntyb2nOH3no38AL5top4u/pvryGQSBjqBfI2jqO2FzwG9qOXMFSbSYfPhRQ+DeyM9KMVCbrpRsITy/bw9ITkKDy9USV/flH/MVxBskxbgZoFMAjA7PsU5Aylcr84uOaSF29WNoS07oXtvlFlx9oQOJqhhBHJyOTrdLeTsIbNeG5pOYvNKIde6M7bnlSv+TDKgmCIntA3W6PGvwCPV0idDhHVb+9KBKC2FW8HfEPyV2U6+1wblAW4pCwuAEW23y9fRHjYWn1U3qONY7uiqkcAbAPOSXpMZsdHBTaLVdgVgXiSUAdyoMZHqobIF+W4XK602aJxmBRuRfTKsrvBXU476Z3ok8cK+jr9uh9fJA0R0vQ9lHqwk5lUW3zdxWmicpv/SaFeupfkG9uoOAlROlwggGaPptLQONsraJNANFYRYHpc1szN3WLsz+qesUljBvU0TwFdOLX58EaHle90NIW9+t2eFhrdmyZFzF6RYgMEyYg9xcUgWqiJbL50krAsBeC2z6IArVj/B3OgiIWBRRbLnVeNXm1Jck0r4KIvUErGe+TxerMcMfaIEsUFjQfR+tPDUfdRsJOSJlFubxRN6n813aNh1FlEHXpEDiQOQaOTs/kD4kFfbLMTJRnSjcL69IbA2hV9hMRoe4HKHRuE1p9hC/wS6+dBaDNwqkKCPZTinrdA8RscFekMumt9CdXwoxKJClmHb6NJrnUAHQxk3Q8GN1NnwnDeD3rivU+cMjNtQs3tj7VnjqS8Z6qiGUmaNJDmyT0dTdtF85yK0qBG66jxY2Lsn7nDjkpLUdJ3hyhUP/JiIEyhzjp3hTlAVKh7rmeWJaJ7ZLSriaRJqAhziRbSKhk/MIPRROSuDbDME9gdQvxOHXuVRLq4da1KbfvC0c5HfqLI8I29aefRnMJtkSIr/EX6crB4qnewDPML1eYnHhislppGBTyeQEbK0rfFFlAUHK8izdqotIGoDxRGJKJBVo1dqDdIJjKc5GN/HpC/Wdw8uh3KpymwJ2yXUOLWwqvy1Dd5yF993vswkvgiZh+yzFh28yhLRYniHeU5yMiVKrknWPSIFmwbd7FhNzXW5gBVv7asF9FVak+nSn0WpX1RKrRAvZ1OTv77B8vxkiX7WVv2Tny9iuAWeWV4XYk3E46VfXT1OqICUBDNLxzdgivOsMgEW+XxRHY4Tr99SXUcqg34TDEWkbfLiL/Nd0r1uoD+Rdgh9hKqwMhaPN40jZ9g++od1dvNi7ofzbfPiL0WF1yR5WGCwE+PhLyZsoC15Dyggq6yX0C5kgauYINmpuGxjyxTwXMuhWebDwq4Y+UFNEmETHs9+c1jUOx8+Gx8DqJYM7Jj9sShCj2uur4UOg3i5UJeGjhWLoCngYAPNE50mKmRr9BVUXq5UwlwZLC535z9ylsvde38gvklGeEbQDj96xlnRcfXaD+tyxx2Ku6V9j0/qjjQyvTgnBtGDS/RllDG6+lK5Cbl/QI2FwvmWRqezWbR6Bc6R3QyzQKUVBonrip6nRm0RWXsLR69igKFWa5ICdHFT5Gm7HD3oLlZpnGW4FBxZEAiPd1bG0bLqp4wMBPTELC9G82NkraMHA2jPw10XvDNQDAHHupEYxT3qPho9qhDutP5doYFR64pdGJIKmMXXAaEu8ua0LiK/M/sEVfd+rX2uv4W7bmEvSviJzGN8khA7BVuHQ7TFEbSFN84TRfl1lZ3OpJBmdK5pR/tGL7NZUVs8R0Gc41NtS08rukag/I4RLAAdNJ9686seA2o6CXs0VhOPGs5GDr5C1zvH2Gt+sjXr/F/eDljVnMisec3XYBwzBseFMk4qVjKYjrVCFioZ5RuBGN30Pb+zA74i4Fzz1GmjgLXa+BHedIRkb/4VMKICof7S+WcnI0KRplpno3RJZaZjKcYyCwrbZ3XYYMqzJReUjT9ms5JKSXsd4RZCHWS35cBCLpu8kQCBTM5LFl8Q/ukgO3kjbL1s2X3hUC8v9UDzky6CuyKSExH0IL5DTrGIwFyIyD2wkL5sm2wytXb4zHFcOf8QffLuQ/ybNHwYAk9wEp9Yy8N7Tt+ZNJhBWqL9/rwv+qW5EFnK0b3Bv5pCqjyuCyfWOv1FRPRV3/AseSFwKWC+OJwtJdLe7u5mmnlaXLS0rP7SxsUH5/izek1H5ProbxhesqhbJBfN2FojmR1AXCwctGwbDO1brceBxQFYA4f60zUXyXCZpB7d5KdMxjvYGwLbuPvXhZ9KrM5ngryDtmfbrlBr7dYA1+o1bPyJ0XImi/6tprc7PgEfuCnSLE/4Kn/x0ccrTh4ulQzmkcdy5SvUxE7zzfJmA8a96KJQ+9kq8WuG9t3g7mQHGmPrE4hQDxl/9s/DzZv/hKigMqoxb5RsnluVa8kTIpm99dhaoL3UAgfmaNohFS/vxuzj1qAq1Pbe3TABRJvH976TQ0vx20UvH6y3aNXiqwV03guunidTlf0MwdvbWouSCR3rZtLM+G2aydxLM9uhT1xZ/xDHz+I2thfTQv1s7RLcmR3l6Ug2BlhFHwQFiYyIAKVgHUhdYFEoq2R2cW/0Mm8O2Z/XrAQ69hhYmxUfYIUjdrW912XUIFK9Jrn77rdbAdf5YhahpZPz6vPj0latD/+r9gxPcfrentGQx2BAezNUGj9DsuKg4bnYy1YunPZKMi3q/Z7A+ET0ZxVMNilAA/c01qVf0E+ulCHHOQVH6qwJpsgUjVBFrTpPTav9yoNDIl1Ntd3NXy7kjbpY1x1FmMSCrQHZ3OVjGlqY84IfltehbmVfoH+i0RS+qWDDAgAdUdCvKWfotCjqJEMcpaEWev0au+aLTM3ag1ucp1Yd4d0rlM555x4pTqOKR9Hx1Fp/QXxufiAixdugJ2Wn5Vx6KwveDNBIwEqE5StFqKG88OSuQXs7wajsMGt3M2LbFf+FzqblbcQdEO/cxajZn7VuLEa5GLnCUHp0BfDmU+BCrpJ/ETPi/AyErTfuCo5A3chB6/AVPCyHw6PDbhSp1aobxBSbtC/3s0Q16XcxfJsmu4JAlDsUpKJyfLL7WXnTkC8b2q7p/ToUbFSGH4g63Gb+8UecaSy0MNcdfOmeIQbKwzDh6r954tjBLnGrKSVZyIEDSkIAEppBzdnSSKv92kFQhcftYM2IwWQSPZfLfjnycQyI4pI7ViyqznO4oflG1hKOpl/gu1JwbmJgexn41T9CSM1jBsjnIH48Mx+Afc/IxZUfWxXQ7iVBf2eaZRKVH8ctBBvSnycLL+hk+nKHJnh9+/dT4YMFAwiSW4wjFj3dsVkADU2+tXZqUBmVr0hmASMVcsx43ONv6Yn6Je0IqbR4OdIb2rPzb2wqnEJYfRNRRKpx0utkBi2VTOctbFxFqWyaCH5mKqNQAYBnnoAwEOwenTz2IyFE4WYw0Qo3b/uNqUVOO1YFIO2muMoInQG9XaVve1FjcFxwM4pDXjS3KPHXzq3aEiYzoO+cyvWjsqax5+jG99zo92iSid7aN7c11ikWD71OW7wUOcb2sDP1k4BFE9pIq3sFhO04774TIMXn11tTzp7ZnZUhGljLQ+ED3WK3DtL2U/+9sQBBwtfAkhyqH2wnEwJ6f2NDRjKI9evRAqwxaEDWNG66H6fWabrafGNP/BmPY4BK2OBiPWzg6NrKyumEOgZ1rvebe236EPtaiEsvIHBkq8x22KFphMbYQYcG5yzY6mlSouQ+hFIrGKfQ6+HmRlXlVgtumev8xqrPR+Q26B26MNoUs2f2qXNaunrAlO2z5+TEU7vtj/2joWHECWRLSs4x1LypRWAXjo/qpaiGwBbls3bLt5l1yrPdW8OuUy3pp747U5jpKy7NME4QaxCem4cqLYT3O0A8ntJqqndwZq7SMagXWconxDe8LzjcSw88Dj/ZIkiTmqGpUGmLpl9mriO/J4GXMg7hZAiMJua/qbnCtHPK1AmNIRgTXfS/9Hx43rA4SzD6o83r0eecg6XwE32K99yKLdl2tiEtybRkJpzDtHxDa+3IGDV57ZXnZRjo2e1qemifzUM0m8rgEMcD873n7fWcph4VNjlfm72oqPLtQ6ORwBtJ8Ox+0+445RCNvbHbgGw+nIePp9nrW4NiN7VvSmcYdFuACSdt0ExVn4awJgfHdyPLisVd5NUm6r4HwbNUvMXmbyhq1pt/z6Dph9iXELksr5kJXcXdNwyT76oL7Ijwr4ZpG3WZL/nvsSbMa7nLOYEAcrsm8VAHuADrixqqK8FmdtGv+JVQjesE0rr15ZZEeKq5TqbpWAdFjG1HrHX5j7IMsNSJ+g7uAzEDRUBGaupTizu1abHfFieNmXbuVUrAcyUdapyBUC99k3ZlSKD0gM11D1Ns96WR6f/73T+gfHgymBPyJsgYdbs1JEiogrdG3lsXrYgWxHpOktpLtXGLrWscfqLPS5DlTUKzV+dji/hV009TBeRHVo15YZlOzfp4ZqLLZQXScfMNaMWkraUnVAJgGKqRf5goBIP04kd9YN3M8yDU2n8NCMLi1wsPUbv+9Lubt1eF10vCwvJaz7s/cdVgezm/L3/O/uQkRjqQDpd8LRiq8Svhkv/2U3MWM0d3io/U87cMMFn/ZozZkkAbzQgppsCflphXpRUOo5tIYln28f23ZI6WP4Yw3VLVIHs1qCaCrWGzruzy+YuUIZeLoFdPG4dQFMGRxvYNJIVm5hdIa1Rayj7ZJXn+emXwDGLvNWLirwDeRfDhwqQIAXBC1JgNZaWvNDXkrcldC4AYMMxhQUrXPeYwWwdye75e6rZPETRMqb4TyKHP63pp1TbcKbxmuFIFCw5JIfGxcC5wbst2+tWubHuQc8/dpAtmW/NRbDmUUzzvsO3whaPaAiw58ToIw5y2kJD+J73bgEBLquFZVOegOgSWi2Lb0FbAI9dRS2/UXBjbZ5tkoW93s8jyKsymWG9CJna9FpS1p5mBe86YdqHK5bFZp2A75c2kNuMVUglHXJPRIpe8VJ2QPDMECct30zgq8Q9o2lyCkCituF41O2OT5fTpOt43biCPalIRvtqTZEmyB7xC3VYkqTMFh20H8yXr2xEVcTUn7X+99QXu+ExAZYLbNQ4jp7M1p0/Em/yBXxaDEU9gKoP1Hw1wyx3c6blTwHa9pdCo/jUf2kjTBZiBldR+YRFXHvEaYKhQkqT9/Uj/+qkAWe1c9l8oZw0DScySnCWQyNZXG8Cr6fh9pTPteXL0aZ6yJTLn8dUA+JVmFibkOwZ+1i7LLKwz7DT+X2yFBCaeLH+R2sDWOs114BCwm8mOlF8QGksJWz2vNC+cHTuqIWpRkHTkvjJsSLLu35Z69WG5jpLRth9LuJZkr9Cz6rnodE6D90c9pPXhteeYPuHXe7SGj0q+Y+vsw6kxEPdE8NLk1eLJsBerP7/9LQV3LoAKvQu7Q+pAlXmO+G0hpFJgjZ+MdL1AHMbGpjqDoot0s+S7Gk67yGzCaQnuyrEbVI0ZDR/Njg/lkW/5mcCbFHgRj9OMvjcA2brPRsWD8VoifgDUXU6EpyaFDe3102xQxTDzXua/b4OFc5tJsOXTZ+kIH87ZFtuv/RLWNzXL/eW71VIpcGLMUuoY9K3wfzZ8mIW5uSZ7RuVpU1EmD/X5nhxDiHy5Gv1lMdK6qXSOVrHdjDsAjSYbA3MFO7JMFL+ti7KjExuIctmqvlgEXvROS9IokIhdMPVSonEGIqn34BvV2fTEYxJSw+T/1ltf16Atpo6t1up0r5jPeVXe8jz4IvKzBSgA7w550UP/RVP9ISxUFFZ4aEve2OmmBub4928aJ9CcshaMYWH/B213EoU3snlCwJGw5+2hTbuQnT45LVnr+LW3fcYfr64AGIq3DXiitHzxk83IBFjTwiPMwqfHgY5KRs6fEvKPL9odJ0Chhg6vngwDo0mPEDZfRT+M9fNqy9bGH3ypDqd6ewwPVgz5b+5LTG4rdcQeKrRML/78sYF+k8URdXlY9zdKU4HX6QIxNQqs6ZcVP51C2+jf2Tj0hEOAvBkKMphxr9r0JwkQ4naPoCTVPgxe6P6ux396wduK9rtVOYDbiI3Obpjh2Ld1jGyogsaZCw/+0TkvQdepL3e8g1BEvCSdWJZi4Ozn7vGKnbS8t7sPSTFTSHolrjT5qAoAizy4cvc/aZdOpuEswsb99+eqLqGq481N1toKt5UrWEHPozVZYd4qSlcMScQXprQ2BheBiYu04mW1HdcVPHmFb8GqQQFqY0nKBr3Yu15O0sQdEgNO6t1IOtJmjWbmcJmTmv07PAQE7XHl73m5pKWAfqe//BtI8T9WKc6YGHo/uAlMGCcExpO+TDx/AWgbzy1k+8o0Vr6SAprY7bV/8NXidfmKwzaheN9/dZvpFWxnw8FgE33lwYS8jaaw+WDFMD1Vau/XSwfM10XOJ7+NIzVPCXpxm5PORypNUOxcRqmE0FLJzoNT0EW7FI9pR30F7BOIQeP0ORjAO4qzYCId9M88enZK3M8S7NGv2xltVAmOhrXNHtBqlpSibOPv8O9qJ1AL37/A7i4YhD3vkiFEEeo5nhL6y1h6U4gyfAAQPTUP6ZE02G/BFXIpfIZeuWqIz5tOCvZ5MJq+SPVyYEDABvRZVwtqdI8mH5X4Ady7qmF6Lgq6TcfZYJpbaw8/BXO4EEz1+6wdehcY2AqthziKMehGuhefhYBie9t1i4zBOJXl7hvay6bAlBi4I1q2sMYNbgRlQldIpMUcUpL67bX/0bvTEIFmAjTqwOlsIdimBwc4SFA1lLaKBkRbu38KOvXAGGf72IQ5/0EmwmQzYPPLUlcuvW0KTsjtRRg3VpSzoGeFRVgMkglg3pIXVnj0BtdIGkxgQNmG79diPwJbq7QVDOd1xNaSQWbtGQjZzLkfyxWd5DX+736o5AcGyrw4cS7PptgkoTKVjF1+p+4hX4AdZBHchyEq8CZaUyii7/UbYy9KwoGXtG+5DEU7OkAFG8G75wy3ij2+XmEmaYZyHyY3MELaHS52xRTPLrhtsNU0FBln/Swf0OZAEQSAsbVea6YaEDXqN+MAOe/6pC/HkxzawgKLSVSVyoFwHOs+Vc7cgC1FIIaCseTb5x7Jxisi1OnGiKh66v/Cz6/w+5QBDu44hkuxDRQmjxmfMWFi4KLcSE1RoOCozC+mFA1FilqJ34gMavMRabAxDxjymzmtqKr9gNyDBcbaMBFYohl9LbLrLw/VNzcRlcpdUqjlbQs7UcGs+kbw3V1IMLRd1cl4v2SrNnrWPgFV/B3BYuQKiq7iB1d0cczbKoTyW/A9MiciQX3sYWanNDW1aSC5trzwXwe0X1Cdo3uoS/CP5LjFlTREpkAS71iDqa4DX8LXGHD8WfiwIVh611eosei9emOYFsgjzY8M4nX/GaB7O37KblXTfKpaJsjiAdsuwxJCfnMSVIUM9rAe9ZkwobNJIapfuNakGYpo+4Hodsm2K54oh0dbVwWI6t6MK9T5ZCELz4G+ueQgEMKwF5UmaH0tr9yknusBHUEvJcSGTp/Qu7XZ+nczqCNAsCd/jEFxiWS+UxEwg4F4jlq8AK28/F2nX1SYjBxJ3JX1b7pSHpHXwMA3hpP8FW/Ovg0XrJJQkN9vrtLVbaXemV0QJb83SoccBSEntmcVGuE4O3A1TPqoZEh9LOnrKFphMIqBHPxQOos+84BVUgP2ufOxAwvWwme7c2EiRIgjaH1ECzGOE0jACMiTCtZaj3DIGt9wzpRV0dUnmjh9c3JT1ys82sEe3oEvTw0PO6QuziinpGzDdt9c3KbJkVs6gQlxXtybRmQmHT4RErSDzC5mZ9Asqpj32wYbagwQVeiVJ9zB8Gc80Ohqk8IPpkNpMjyvCSNPhand1aqJAgwhyLvUNFfpHU519Kgvd7QHLvMdGIRjD64bvMqy+BsoJTAR8Oxe8pZuGrrgXHBoQr9VT0YUEv3TPJR1SMXWmcANOcAxZv6zjLJwI//YvBvpDkE1nUpqnNQt7NXPV2tFO5HKPS6k/iYdl+cERp+GMK5bBpLf2+dEop8vCC+ov791w+WJ6yFpqMV3fO2HIKiTVqcRDJayyegcKUw8GJPZtQ3WzEAqfTnOwKEvZfd6VhKxtI34UCHshajnzpwAFr0y64ES+Ia5lTFod42WKH8twm0eISRSugZV81b1cD7AeXlaQwn9huDZM/jvmsMbgRyn+69XTHwO7QA/IJS/A3HHbJK8irJYK00nvDj95a6QjFFYf0rBi/BYynUYBDM8vKUSVagWu4tlf9DNGUYQjofHU2CUjoY8N0twW871/gJNKyzhnv1w1CLvdTkcfnfEdW8yj8GbnmsdDVYnr15S1pyN/7KLzsI6OHEgBqb1hvLM4XRqREu1Uqw/Q9+MQInPseK1PBWLKqozTPxvDdxtlh0I/6DOPC6EYj6YGzzewp+2bUZuy+Fy0l6XUi9i9r6EI8oCSHB33lL0aQd2rxMQbFpfM7CNYb8Gv+Jo0ptm8TVQqGNGdCOcTiyCXsz18LYXNYAXdORJ1sDxHTNVWKDmX7OdjXVdLU3Z4aOc13ian7X3td6aMGxHGgRNyKxhrUiYHTss6t77VAFHuUYY5yYMQUeUt6yBLM14ZRVBnfA+I6NqHWCoD9A4aJuBxQ7VeKOxLeXztaO2/VM3Sb/ZflGpHP5uxdNfYL/8VMamSlpaJAw2OUCQV8cWtbKZfshWDGMoKwjEB4LLdmLYZy4jSmo5oqZ5Rh/BhBufdyJ0pnmD5Jm8w5Fc1dQPPj7/RhbBLHZ+8IX6r5eeLEEcMu5A8qERboTT6/Roo9Z1mnqZjgKyc5hAh3p3Xs7dy/fGF0Pkpl7Huyllmjjg0SiYqiPcWXhKs0VGrgTp5kOdy2+VayvzZ6EFTuehA7/9IrTDgbbECGKgizAfLnvRwM1lnm3yXyks4CZQjlnR3uVmn9RpRElOHCesDJBjxxTmCcH5SQlLHICL51wSth4NJkxx+yawt+ohjmHvRkvM8wfo1R9dwuu5RuJ7VVSMnA4N1oGq2xvItYxhAhn+cKi9tP1IIlVu/fIldEJGgfmGrM3TBU4xgdQY0KK4XwFul9s9P3DyfK2BWVxqHYv04v9QBTi9+614mUdJSc4X1WgpCREoEZVTKPyhiJANGxPGK1RWmGw0lF4hdh1rmELG8VO0ZTZGZVcf6X1ht5/gbg/ynfcQmD2AhBIGPYBVJbxRbhfFu8oZVEZ1cf85YKwnZgusRHXZEdS7ub96pfE8BplObSnwauk27dLMhOpCGttn3BUZ46c5XIigR1jyWYMSpqV3p5BE93w6N0dOZpdAQMTyg4KWwPrG5BGHESS6+8G5PuM+ErqPoCgeNdv7abcjLkddwS9vMC/7dnNb7ItN653s8QLj2dQRZD8nO0i0MIADUIKD5wweRrcNM+rBNTBWOlAW7FvxaYSmJ0h9WEA/gdUOWA00t/zIer3Oahx8zTqaxUf2/looD6EfJVe4edEHRlERVJ1kOaIB9VX/fkQR6OqOXXtgh/IBBsobkrahfQiFSVdfYJjMGuTzAXG35A6uuJCyQF2aVEPlaRcbYuAFHYGo/n4QPIGMYf+VK5CoEhKedYt9WUIwWtkilnk8q1Wgr2YFzJO0vDk7oriXTyew6NIFozSwpUuoq0PVkj38jkFeYfAoOnyzTxkcwUXwh/RgSs36AQ5pcbspgU7xQMeVR12GXL6vvwnTn9Ap9Rq6rksDIyGJureAnCON390FK7kQZC5yuLplivndG1Jlf6509NerYxWKWMwORhoHdTYsm5rqC1QOUtxgCm+rq2pnc1Zb/vnd9upvO1i3CUaZ18tIvY97gxKlCCeDmy+XJV5soAyR9XtKv0yIGP+a9ws4BuXKRHwFvu1N9JyBZ3qyfXPC210zxL2TOgqQaAeiUnVW43uO5QUEHzVNIZRFkQWqYpXHRb5UaggRiwHUhyoh3Gy9BqA510tdermA65MYsDIY/25VWMo0piaGPZly5QeDL15CRZYpMkCPGCkribnEVGnDn1+j3tnsCepP6agacMjV9bxim44ChRgGLrDl9Bi3KhtRxq1qEudNP0+8VVNf1MB7cqtoVpECLKWL7oaITU7iaj1oTEMAAYf8wuLspT0hh5la0jo7Rr0jx9kMJLMhcwhxBLip2TqTfRUV2iuGY7CzvNelUNvtPGJ6wGauUZgK1NocruxSFqqsKBBRRr8D/K8Sazo1e+hHFapMdElQcFu+ee/57/rCTZJlnjw1SUApo4GhIOEHTGb4FwNVfQxB7KwrF1mw3T5Ek+9ghD1Hfv96vHwJqdJR1dejr6ZHpN11tn7sm9OQIbiSAvTcL5Skfe2S16j8PgDPOnfw002gOMJihHab7+LeC5nYzZQfgKrsk1pCrJULGjIncIb6XovutbUzvnlDV6GO5b56vrl5006Iz9jpKHu5rcbh7Nf3rE/uMOwMe7HPQXZkC8O/4l+eP8aOIm3hUu5SQ+7yydxIeHOkQSdPJKOcH+ypgBuZPvKuwde5yCQz+po7m0aq/e9EgJVwabWhzOkKYtg/LPYXqkfvhXvUnxJokcMyrOioB5NzWZsK2TIpBWQ+iSdXr2J0Bf81HEEqRTb89EJjLsi4P3f40RcDHsFc/Jdh/hMNBqJoV+Vk2bIFB5J0N2rNmD+ftdFtoWviq9z/5MyBg+tT8roaz3Ek/y0XQu6xmH9SISh7dqNUteChLM3ugXc1o4Evva00wRIu70tW7abYpnGE/s5XTpZ5Vkm9I7V6+iEvOAgZi81MlKaOwSKa32Z/wb6kjcKAMqvB4/ZQe8gTlg7PZ3dxie5Qko8rfhCgzpt48dY6y+3fd2JubMYLxbssUu1w9BgPwD+eAKit0PLmm4/dkzsNz27FTOyI+mxydqYmQnArqd1+wJjrRHE4vudutCcCl1ad/jcSuNXzSooyGMIgrnYokI4LSJscV0dLi+1Hl6DZis6sOnw37S0WDfChzf3UBfMpu4NzZXYxJkDMWeQApfJ2TeqgMbuRdF1P2j+5pQgOsSw+LWc5+mqaER/Z2gU/143/+N3FD690yp8c7bzG94PAnfH6H1Lv5+MqDuA8l9NUbeP/aBdMdxAqIYlATTgFRBnC7r3YMI3z4KJqxb8ynM0A6BK5tg5DD/2tgixyAGRMUH18lc19PD5ztqFEH2MEFimuPRwi7TL/12vL/XrNueuZBWKidUJqwJMVSFJp8BdVKXyZUwL5VKu4PXg8yP8DBiKpgTm3GKMJhy+usLy0EFQZ/hLdjZWEIOYR3C2YtX/O3mqkVYWnrVj9XSWAHrWjtuEawEp9ac4CVmsiCqGZ7GRlAlx+xiKelHDKn0qsX2YLtwk3mXcMa9HHeL43va2a2WjpqY3vQVOIX8RANPNomaXepSG7zf6KUF8QhsQN9df35qhOlRlG1W5WFA6Gskkr9KB1xuxCuF06nEVe8tsqtN2JbkdbkldgpAbPDA6kbPXzajljYeAMDh979GkSGXL7iem25BK/dz8GqxatAHjIPs4CBGRjzoBlaVWDoH0Buyt976qKPAQnKLeqAcADd2JbSeqd1t89st70FYe6roEYe+DO3wskWc+xnlzKQa/vg0DRIpRoy5HD0cMApmNhTX4OhxDyAsCvdpUvo97YNQwFgg6j8m/7b+orpSVMAeXW8o/XrSKc3RdEpJsCUueceoiyGJRwAl+btVMOQbG3EgWdM/hMmPCNxapjfPyXw5KWzdz7CnePmyv6iUx3rvXCT6I71hBKxwQkY3NoOcKYWbyckIcX53ga/h7Bgijes3dgUe2QXbo2kjz1QuuqEOddq78GVcfrb/S7t4yTvu8pqNU0ItcAy0FVar+X7zIpbWBXn73EDp7dgJ7EpcZgZal7hNxBE+psd4UbMKYRq/Z9xGz+ElHzf571iJXfpMsmEZH180/3XRzFEcLkVS8fTYuwOT91RYZjis19ViaMpRf8pCGzZm9cNYrQX4XLKQ3JqeRsVywypPwSuYFs3Fc12sImw0A4+9OFfdGme6VgRtRs+bxR3V3zd24P5f8PnwDO1zOPn+HGA+Hdz3jG6ofU+ESvOGUuH+oyi9TbA8IHxUJeErA2rLyzogk5DKlLRzWyeO086acVQsrhPxi3v/OrkMBONCtIcgqLFqynakZcVziPgvykPgc0zVWqP2tj4ZIi0T2FlY+vXRQ/AZAgV1X7UzZKRwMQyvGV9w2dTLEubnW2fjh0W/E4vKvBuKc8Zikt7ZnKLUMW3TM90B2SJ6E/g9dZgmIl0BS2Un/Rv71CNz6f5JxgMsgFPTLkpL5dssid4FmUUrCLJXyK8L9WsWdgwJlxe+Qu5rHthOMAiZWv+yKrzfaVCrYCAj3ku3vp4rsZU2/WVYk/IiO3EgKs1n50PCsrO3cpGqI+jc8BtvSia61hP54bwWgn8J2qhgKxNaieeZ4hR3h+8ytHQEK2cVBTyUK4nHZ6E+sDiLJ9+1vqwRnbAYZ1Dt6UZqSPn6QjnEHCottuw6e+8XeoROhlg/E9tCQZcvg41HPKC1xVs+WhKWzpk8MjjrlG7oofcTqndPRydKZNSFY0fgIqOy9dM6/E0rYZj4t6nKA+ShnZ2wj0S9C3c03M2zfH+HBfc1JRRv14S37c3jntTtyRD0jPJ1pVi9s0YO4aWZcTEaOlGAk3T8cGXXXDL9BH1a+416hx+0k1d7GmK5Hnu72nf/fgnaYtYHEohKH1b/Qc/INltfJ3trLquX9dMaXq7e+l41TkyXuilbqIQZ2UmLHrm9WQ5z39omSLSaCmrv3jIqVkzeRcL2cRc9Y1M7PRHDBwTZoBICc5ASN+w/9Nh8sSwqrY4pRDtejdkNIrxFq5nr9CkhpYoBttC2oeX517lPNfRluPapC3DMDXam09KEAYYWPt4Ud3o0KKFRDDYBcszUJVbLiUSQJHkmXUIO3g8l4yvdGWzO2n+ms4ymPQpVn/5P+xbDssJnrNqYgFLvqJldQo93Ilms1A6UpW2yzCAs3QnORv0WZAJCYwI4rI0Z5xFK51F/zh0vc9saIhlfeY1VjuICmNKeC//tUkDDx1VPeImkKvixuMnOQQM2FeG+r0gyIFCuDYGmc1SqZ4aY9TRUw4uehdcgMlUZQbm+rFQyvm2yUVewk4/j23ekhMipSXBkePcacTs7Fok2nb+6/u4YftP+Ndzah6q+BXEMrgQJR0X1McrX3/f2dnKcvt3s1qyc1rhO86fy/eyhsKKcpjMXRpzx/Z8KQXWse+oVtR5J5o7INuBhNKG5JOL1v/hvoZ5FxANxhMtIheM6js+zwDc6MmdWQu4ymmv5iF9COMZJCQdAHbaNKiCF4qReUxefTy453M3QNdwY0gm2qhrCPrSqMZxsvxEEFFx95XdF1zN7KDZTd4dOxgGAxKzH3143kPTiUR9JoIRE1rydECjswJVCi8HZTN+yw9OrXH+OH4IxdEwlaPgVb2I9uQXIpMPir4byqqj+xBdrYT1Uyl4wWCyzOFQiEcTSLHQFmiclp/i2QOjWtAyjSznp+sU31yMJSx6wFejRoKyfGNIVs5SrGFxJ1UAqGzJlD83ImYQH2y1t2Jfh2K18PVJQTzhEKsn6UrPywKhp0aAYDgeXaii/i6/DTIoyw14yeaZ11DZ7M/pad9ElD7PZuVW9NiI7apGMFNXSIZpdmPJPnafBGNIlVSC4UoTpkMA/TOOEYbT0G7/QPT8sp9WImHun8gDkj/kF4igxdVgmhEac7CSCfiBby1fWXB9Jriy0/HLrq6UbbYRaJ6g97eqWgiljJPbXz1QVHfV+9ybykHfLYuGnmXbdIQQj+Lc4Noyjd9BBvcrp0JW/euWNglMvRZvvYVkLlhuB4eJhoAyeOlAWKIcs/JzFKNkEubMW5MSgdAKFLl9k5dJZnzVl8jMwo+egYqYbDQs9v9Tl1K6s4bLBj4PNYmVyWqxmLGh5gN3TXpx5Ts3pUoV0TOIRcr1r51nXkaiuDEuytEJaPF9+h55JcdLNVOorcOykH5+dmqdQCngW9tnVHIlVyigrsJ6q69/Sut17ks0dPvRHp/q4DK6VaF0ajt/vTJbjHYlvHywoUC1JLFGg+qZDNTtGIje6lrjDlsTAxD27rm+C7RN1x9xOkcGYVeYBc51zyKpoRHhewn6G1487J1QFmPwJZ3tDUXpAQRUmphevuplHKBwj/2JfT3BiWX8ZguxIcYhS5rmkxkPj7KfpRMOtH/O8g817R6kexQ5T1AZzZwAVqFSj0FKAPNViGz+dm/JPtf3dS8L0o1TKse1DZlcG9pcOCP4JnIyf+dtVJgDLL3W1ZvM/PiFCne006D+0R/TjL3PXoY+GzopWb0bx9VzAwEH9TdDiYKtEIMvOsJKCuVBj0OYXtRXNaCX3Z6OVHp/JTgngFRiuSSzlvrdk1a8WvSKpXEN+34K/Dgpc1v6d1Z8uFReGS4nILpRY0QEPgie6C1q7mBKOE69n10Gg74bEWESnvIUwCuZzH896slI9JgxZL8tRm5dcK/OGRalg4MZzni+DN5bqT2q1GE+wiqFS0XSvt4zzvV9JIY31uEB5IY5MjerSoHouZAaaSQlhas1Lugfi7b8Fnm/8DKbg7Ytr7LpzxVTSePmZQEguH19z1WyyZPqrIUFVOuR65W04y/ax+cHzspOYAiah27oyDCnhEs3HyMISIlZHKlMO2p9C4gnnw9RTUCJ5QS/MHGYBnzVE04TcFKVwnYzeSlQluS+kAw0IRtNbZqvqisIZHUTY2kq3dyE41NfRwv12EN1o6MDRoUFGHaANWq+RFUEUg7KlcpC6cil2BRHxBl35zubi2Vy23HY7Gjsio+S+INoq0RUwptkQbDMEQZwuUfEzmJBzgXAlgqd2paB6jhY38Ud1x8z5c5F/7Q+IzU0nKdu3xLLhiJrgVEqIqz8wpwGfzy5tpZswuxsFx8QuSww2D82S/9cxuKt9t/CybkK0Cy4kuzZpjup+SSfa6mVtq8zECkgm1uYyUaD9hK3C2e51Kp/kJ6kyp4XWQw0usZ1mZBDB9llRo7uAlmTARR9W4k9+L0QyeSmUVRlsCQAFqpuezDIjbnQUEQ5HbjX7BlO70icRouOSlpULAF93VIytlKDTCr5rUOAzY/EDAXVBHgORfMRH2RMLtmMbhjPPhohX3lghvXryfoTQeLiPiK0S4USEwzXDd2cz/1RmQohiHiits5d6+X8Gx+VlmZfJwMdCM/y/82ZQCI/RQ/iGKCyO3HnG99QarEs5Uhyp4Blr1FzOXUWxea9uUrvhYsRc4HgKh8NX4+tFNM9kfxlpQVmltrI218JS/tbqML/lwagUSAfMP5HsxMmArb5/hyAqeA'),
	(5, 'Victor Bispo', 'bispolaa@email.com', 'FINALISTA', NULL, 'Admin', 'data:image/jpeg;base64,/9j/4AAQSkZJRgABAQAAAQABAAD/2wCEAAkGBxMTEhUTExMVFhUXGBsXGBcYFRUXFxgYGBgXGBgdFxoYHSggHR0lHRcYITEhJSkrLi4uGh8zODMtNygtLi0BCgoKDg0OGhAQGy8mICYtLS0tNy0tNS0vMi0tLS8tLS0tLS0tLS8tLTUtNS0tLS8tMi0vLy0tLS0tLS0tLS0tLf/AABEIAOEA4QMBIgACEQEDEQH/xAAcAAACAgMBAQAAAAAAAAAAAAABAgADBQYHBAj/xABIEAACAQMCBAQCCAMFBAgHAAABAgMABBESIQUGMUETIlFhMnEHI0KBkaGx8BRSwRWC0eHxM0Ok01NUYnJzkqKjFiQ0RGR0g//EABkBAQEBAQEBAAAAAAAAAAAAAAACAwEEBf/EACoRAQEAAgICAAQFBQEAAAAAAAABAhEDIRIxQVFh8BMicZHBQrHR4fEy/9oADAMBAAIRAxEAPwDteqmAqtuvtTlqANR9TS5qM3agOr0oSZIAFQR/jT9KCE4FU+9W/wBaQj2/OgAk/WlY1YKgQYoFjOP8aPbJqA/l+dWYoK1z88/lQcZq2kCjP3UBRR19Kh/KiBQddqCE1NWfkKCttQQdfSgkrYqPggZog75pitAjHGBRRd8miy9ainYUAY0rJ+FFUp3NAEXvRdqVDUHWgATemBpCasVtqA4NSl/GjQKo70sho6qg60BUYqdDn/SjqqGgimgwyfaoagPpQFgKGKheoWoFYU3tQj2zUzQLjH9KdWz+tV6smrMYoIjdaKtUX1FTtQQetKu/Wo7bYojpQLID2ok/nS7VYo23oCqUud96IelY5oCveiG3NDO1AGgspD1NQUrPQOq0jHBptWKjYoBGPX/WnxmoKRj6UFmsUKT99qlAc0qUzjYUunagGc1Cc/jUj70Qv+dASM0TsNqVF3pm60EUUCPXpUYdqLUEXFI/5VZ0FIEziggHekLGnJ7UAPxoCNh61rPNPPlnYsEldmkxnwo11OB21ZIVfvIrNcXuTDDLNjPhxvJj10KWx+VcZ5O5Yj4jfzi5YssABkwdLzSMSCzMN8Fg7bdAVA2Fa8eEu7l6isZPi6BwD6S7G7kWPLwyMcKJQFDH0DKSuT6EgmtxBxXGfpL5AtraLx7bVGPMDGWZwSql8gsSR5VYdTvp6b56N9HfEnueHW00py+koxPVjG7R6j7nRn767yYY+Plj6MpNbjYU33piKAaiW3rFI4xQXrUNEUFchzmilQjbptU1YxQMB696hWnDUpagXHc04pF33NODvQDT3NJjNM70VIoJ91SnqUFKrtS+1FjilD0DAiproE7UFXpvQWaqCdTUYb0qGgcH1rycY4tDbRNNO4RF6k9SewUdST2A3NU8d41DaQNPO2lF/wDMzHoqjux/e1fPfN3Ms9/IJZcqmSIowToVdgcbbt6t17YwMDbi4bnfovHHbqHLP0ppc3hgkQRRvgQMWyxbfaTsC22MdDtk5FdFzgV8lu2f12JySe+fWu6fRhzr/GRfw8zf/MRjYnrKg+1/3h0b12Pcgac/B4zeLueGu431Keq0ps9/uryswm0FW8TGnBDZOBpI3zXzxxPiMnDr9pLO4ik8oTWjrIsijAxMAdnwq6vUgsCM4GR+kri7yXMsLKZhHMy6Wa48NECRFAEidEJyZCWOW6b7CtO1j/qcf/Gf86vdw8Wpu/FthjpmuKc0XnEpUjmniiRvJviKFASCzMWJP2R3ztgdTnv3LVnFBaQxQsHjjQKHBBDHqWyNtzk/fXzOH/8AxI/+L/51ZTlzjE0E8XgJ4GqWNWKG4wwLqCGWSRkOQcbqfbFd5eLymp0ZY7nT6UU96IU4zUK5OwqHOa8DE/etK5359Fm+iJFlMZUz5OAiv8KKc/7VhlgN8KpJG9ZHnPmT+Fj0oV8ZwxXV8MaL8c0mPsLkbdWYqo3NfPXGeJ+M+xbwwxYaj53Zj55ZD3kfG/YABRstejg4vK7vpeGO30ly1zHb30IlgfPZlOzo3o69j79D2rLADrXyxy/xuazmWaBsONiOquvdXHcfmOowa+jOT+Zob+ASx7MNpIyfNGx339QeobuPvFc5uG4dz0ZYaZrO3uaDL3plNB99u1YIKoOcmmPtU0/1pyKABah2oM340RvQDPtRp8e9Sg8xOTTD5UshpVXNBa361Wqb0xGTQd+1BY/SgBSr0pQaDx8b4RFdxGGVcrsVIOGRh8Lo3VWB71xHnLlKWGQ6h9aSXDIuFulGCzoB8MwGWePvuy7ZA7yrYNebi/Co7mMxyrkEggg4ZGG6sjDdXB3DDpWvHy3Cqxy0+YLNUc6GYJn4XOyhuwk9EP8AN269M00Uk1tOGXVFNC2emCrDbf2OcehB9DW4c88nTQyHbU7ZYFRhbgAZLIo2WYDd4x8QBZPtKPFy5aQ38fhXMohkh0LDNlMyq2dNuQzAM23kbPlGx2wK934ks38G3lvt2rkvmNb60WcAK2Skij7Mi4zj2IIYexFZ1F7/AIVzD6Ep1S2uw/1fhz6nVyAUBRR5ycYwYyCduhrZuJ8zSMGWz8NmAITVli7DqQgZdMSnYyuwGQQAds+DPDWdkY2dl5v5Hiu9Ukcr20/VpI2IV8DH1qggMcD4sg7DcgYrlv8A8IXgkdDfKQsTyho7iSQN4bRqVYBgUP1gO+enetl4xzLbZLvJNceD55FizcLk5UGYZFrGoJ2Vde4U5JGK8PEeMTq1zMtpoaO2USGa4RmaK4dPCZFiTQANB8qkDzE9c534/OTSpuPBc8k3iyxxLel2kadRqmkiH1DIgxksWJLg6QCQAfnW+8q/R2lvplup3upQQyhmYwowOQQjE6mB6E+xABrT+LcwTNbx3N3Zg20pkwsdyQ2LhxKpkXQQV+oOA2zdx2rIR8wwo8LHxbHWusBoIrfx0IGk+KgaFgAejou5G692XnZp27rrYHpXh4vxEW8LysM6cAKCAXZiFRQTsCzMo323rC8L5kkyyyRSOoAdZB4JkZMZLeHFIwkUbeaLJycaBjfE/S7eqeFM6uNMjxaGB2PnDggj2Un7q8+OG8pGcnenK+bePNdTFQ2suw8RlzpkYHEaRd/CTJCjA1MWc7sMYjidusTMmPrMnUoORF6R53y4+0c7Hy9jWyXdjFw+3WaJ9V3IFUoxTXYh01ElVOfEbcKxC6R2BrB8scuz3swhhXtlnI8qJnGpj8wQB1Jz74+jhZJ16bzROXeCT3c4ggGWO7N9lF7s57D8yelfQ3KPK0FhEIohljvJIR53b39AN8L0Hzyas5X5bhsoRDDuTu8h+ORvVj+g6AVmnFeLm5rn1PTLLPY4pV9agOafNYIA1DRNBjQAAHFP8qQn5U2aBcGpT4qUFLx7UpO1WudjVZTI+VAFX86L047Cpo3oAoAGTVINWld/3ihIOnSgGd802aRO9EGgW+tI5kMcqK67HDDIyNwR6EHBBG4rSOKfRhwx1Z2EkRILM4mY47knxSwx3Oa3jVWucx3xMscCpqAbcnHhiXQ8kQkz1VVR5W7jRH/MKvDLKXquy1ofCOFi0LXcl14iEAgsmouNQ/hCYwfrbhl1FQT5RhiM14+NXNy0cskluRFCxaSxbxInYNgrc3Drg3ALE6sYAP3mrXgE7JK0cwslAS0eBiZ4mB2u5IVGpg5ibzHoBsOhrI2dxeXl21rBdBdKYu5UKPCwbAWS2VstHI65DquFDZPXr6fjutGM/tiJL3WiiW2vLLTHbpEkhiPVY2hQb6ZA3Ubhj6GskthxK5h0vw4K0lulvKzzRQBhHIXXRGoJXAJHQYz7VvnAeX7axj0wRqgAyznGtsd3c/p0HYCvBf8A0jWMZZY3e4dFZmWBdYCoMsS5ITAA33rPz3fyxO9+mscW4VxGSOeK44bG0MvhYFtKgkjWFgVHmYa8LlRgL1rx8Q4uLlZI2UxX7ma2t7eZWjKw3LRBTlhjKxxldj1PuK2OH6S9tbcNv1iP+88EsoX1Pt32NZzjr8PntVkumhNu6hkdzp+IZUxtswbB20708rL3P2O45hxWSGxhRrcOYpDtBKzSRzaQVuD8INtcRvkZU9CCM4Ir1XNut/BbmyOko5YLqAAkAy2u3wE8fSWdWQgSaXOB21/iqJcXCvJeXcvDozoW5kjdmTIY6Fz1LFNOvHXGRtWVvOMWFskNza+AF1JGbZZCZpYNOtzcrnKTxyjKSA9xg9K1uPU+am4cN+i3hxRZHaa4LjVreVl1atycJpIznvk+tbjwnhEFqnhW8SxqTkhR1PTLE7k+5Na5yhxJEaKATmQSq0ia2GsltUgdT1ZJRrfvodXXO4A3M4rzZ5ZXq1FtAHepI+1RaHSs0jqwKmqkQZNWA7mgjPQUUHXIoqMUBYmrFFVsKaMUDb1KO9SgVxVSdcUXftUQGgRm81WKcmlk2xRQ4WgBP+tTTtRU7Zoq2BQIy4FLg/jVp6g4oj3oK3261y3mJ5pYmVZF13rLoBwqxCaAPMXb0S2hVcjfErnfIxunMXGGRmijMSSNEWV5pTGoJJUacI2oqcEjbqPXbm/GtUM0HgS26rZxXFyT4r3ClGMcKxvlVJJUpCB/L32rbinasYe/4jIttGIJI5ZXeK3hu7JvAbxUBEcd1HjdAjMR29hsaTmPlmThtzZzwSYXyQawxV3mbxGLSkqRpkY4OQcAdNhXr5SxNeWJSG3htzHLd+HDq3nQeA3iauhQuMAbDNdK46MW8j+H4hUF/D284UHK7jGSuR99Xc/C6VvTk1nxO64lLMxC3TxJGyWbjwbdXYnxPEjdx4nhldPmJyWB27eS8t5721uzcWkMM1sY44zFAYneV3CtEcMdeVYEAD7SkbdfRDwiWef+PsJGg8VFm8d3jSGLVrS4WbOSWLxlsAEbnPY16b7jFs7iMm44tcK2vTCngWwkwBrxCNTnAA1nUMDqK19X8v8Az+FfoawvvqY5H49cQy6V1IYXaKJioOh1xpyOm/pXitAs8pa3t34pdDOqeYFLKEk5KohIXAz0JA2yKzaWt+Y2P9gWKxYJKsYQ/ucluvzGa8XG54YlWPiVxgAAJwuw8qKOwmcYyTkbEj2zUy/L7/Zxs3K1tJcC7t7+6trkyRqphgZSIFBYY8oGk5YEdwU61heA3s9ss9s2Z7i1l8OGCKJNc8fhjw2mIQkRDyuXyDk6STkA5PkOSXxgU4StlalWHiEgSsSRo16sMQcdwdyN6r52gP8AHtGqXJF3aqGNqVEym3lyCNRAKkOFO/TFR/VYn4sPyzHdQwSQSQ4uIiDHErRhlEpaSBk82BomEgClhlZmXtg9at51kjSRfhcBh8iM9+9cZ4ZZC1vAkUM1t40DgPfSouqWOSKRJB4YYZUqDp75+ddD5c4q+Y7eQ27uxlbVBMXA8zSHKMilUGoKDk76R3qeWb7hk2YNvUem09amg59qwQePAFHvQ70+nagRzQZcCm0+tHGaCsnFONqQrvTrQDJqUfEHpRoK9FANt09qIbrSZyRQOpG2akw2oSt/rTAnFAFz/lU07fOmJoZ23oBjYUrt2Fee8ufDR5W6IrMfkoJP6V5OX+NR3kEdxEfK69DjKN9pW9wdvz6Gu6utjH8zRSxF7tBqVITqUTtA3kLv1CMH6kAHTg53823NueOO3MM1vcBdOqOeExzSG4VgkirIkiui43CnAznCnIrtN5bLJG8bjKOpRh6qw0kfga5VzLaCSKKW9CuIrlZJSuQGgHhWtyCBuGWSOMsBthsjrgbcNm+141j/AKP+NyTcRgklMKq8U0EUUQVFj0FJT9WMldXXJ64PpXZ5ewrhohNnEmHt5po7kTWcdswml8LLtOHZRnwmT19M12zht9HPFHNGwZJFDKfY77+hHQ+4pzzvcM/m5He8Ajt4riK8hne2t7oyW6xEDxY58Ksexz5XMXofPkVa91epCCWtuCWh+FANVw4x/LjWx98Ia2L6QeKXFvNb+G4WKctEWKAmO4CfUOP72gkHIxH0rXeD8PWSVms4v7Ruc/WcQu8/wqN6RIfjwemM42wcVpjbZu/f8Kl6eG0t4Zcsh49ebf7ZPKh911HP3E1bwF9GpOE2uuZc+PxC7AURt9vTq+HBznvtuG615uO8Tlj3veKzSS/ZtrJ/DC56eJIoCp28ulmHvQfhdzNbxycUuTZWKABIjtLLgZyI+ryHGS7gnOTpwav4d/f+XVdxxOJJkd7y64neKwaNISyW6yLuuNiXwf5Fwe4rZecuJrLdxqZDbE8Pl1M0cjmEyyICHEe6FfDbzHYY9xVXL9nNJGf7OhXhtnjLXcyh7qVBuWGroMZPXAG4Patd4TxFbbxWmivJFuZEe2lfzC6VPEWNJz1ZCzCQou50gYIxnmpb18Pv9HNLOW4WhvfEW9S7WO2llLpcypoQMitqYqxXqDp74HoK6dwSCaaSKdhiNDJpzcvOX+OIMqtGoAPxB8nynGPMcabwW9Rp5rsxvKrPDBkQiN5fA0l5GjGAuu4e3TT7b7BsdM4NYmGCGI4zHGiHHTyoFOPbaseXJOVe5DkYpTJ6VVfXccEbySMEjRSzMegA/fSvLwDii3dvFcICokGQp6jcgg47jFY6utoZLFEmgPnU11wNqpaQNRdqAhu1RdxUA2zRX2oBipV1CgpkbFFAMUhbqB3oqMbfjQJM3+FWq9VPGSetErQCU7U46CoCDv2ptVBr3PMuOHXhxg/w8g/FCP61xDkzmibh7iQAvBISJI89SuMlc9JAGU+4YA+o75zNaeNaXMQG8kMij5lGA/OuFfR8LWTxILvzLOyLCuSv14DYOsfBnUqZ76wMHG3r4NeF3GmHqu8cD41BdwiWCQOp2P8AMp/ldeqt7GtZ5stY4ZJJ5f8AYyppcEnwmJGiVHHRWkQJofbzxgE7qDz/AOjHhMs91I0M5smhxrjQO7OpLAqwkYqQCMHIOCem4ruF3ZCSJo3J3HxDAII3Vl7BgQGB9QKyzxnHl0mzxrhXAeTfD4gY5SZEjaNlVNeqeCYsiyqY99Ckprx0BYZ9cxwHnCHhtx/Dn/6ZsmSNS8n8HcB3jlVCw1NHlNWNz5sjOd8zx7g5leSCTEUsY8WGWBmEqlsiSWOIAExMdpIkYsGUkA6wTy88FFvdJHf5SFssZE1OJEIOHgZAdecgjb/vAdK9GNnJ/wCmk/N7dw5v4VHxKy0xyqAWSWOZcOq6Tuw0nfyluhrOcKi8OCNNKKUUKVQYQMuzaR2GQSPY1wf+0mtb54eG3OmBn0YkyYSQNJ1A6teSPjABOrbtW2crcTvrHxrR0guBHMsYke7MQMsiKUgjaRSWbA6Y23GelZZ8VmOt/VNx6Z5+UJLeRmsLezWRmLG5neSSRNRz5I9BCkZ7Ng+lenhnIUSSG6vpmu5wMmSbAiQDfyx50gD32HUAVhZOfr9oGmjsIo1WVYcyzlj4jP4XwKqnAcFSSQNj1wa1f6RJLySNmlvPGjjnNvNEkRhSOULrGF1HxUIzhmPUD12Y4526t0SVsHNHMZ4o54fZTwxxZHiyySaPGGrdIR1dRgk4xqxjODv5rtrm1uhDapIiXkZMFs4TRbTqyiSQqchFQBpAUODkdQK1LinC7W4FtDw5JJLho1MwK4+wAWPnKR4ILMOmXHm2xW38r8FWFo4CDLcTxMQXPkdFK6VUMdQtVLM5BCmUoMDSMVdkxnX7fy7ZJGw8r8Kw8cUZH8OkUL9DrbRJM8TOemZHZpj0ICoD1rc+JX8cEbSyyLGijzOxwB/ifQDc0nCeFx20SxR5wANTEksxAC5YnqcAD2AAGwArk/0x8IkjKXU1140bPpjt3UqEyCx0+GQDgDdiAdxuawxk5M9bRO6wnPvOknEWZIspaxefB2ZyCFV5P7xUKvYnJ36dK+h5ieFw79GlH/uuf61zHmqK2is4oIEMVx9VNdIWdvjjOhdbfy6gdHbWDuQa6r9GNoY+F2wP2laT7pHZx+RFbc2pxyT5ry14ttL0NWw+f5UqCm715GRSMGrIx+FQDJpnHpQB2qJSMv5U8Q70FlCpqqUFDbb0Y2zvQmPagjbGgZxSoBjPepq/fzqtc0Dsc/KiOgFIWp+2e9AymuUr9FQ0XuSBI0hNoQcaFU60zjpqJCH0C5FdSXrUZt+lXjncfTstjg9txqS3uI+KIp1BvAvosYIl6OSOwkC6x2EiMK6vzLzzBbWqToRK0wH8PGpyZSemw3CgkZ99upArT/pQsY7SVb0aSlx9Tc2xbT4y4zrT0dcA6h0IQ+udL4asVlcwzyBriyfIjkHxBScsuOiyKSQybZBYjrXp8ceSTL7/AEaal7b9ylye9273vETrkk7ZxpH2Vjx8Kr6jqRgbBjJkeM8vsoVGjikt9xIBCzdB5WMEZGH33lhwc/YwfLtvB+JwXEKywOjxnYFe2PskdVI9DvVzGvPeS7RuuMryMhlMlo7hoJFYo8M08WoEOoyqrKBgDKlCd/iPWvRwpbyCaeQrDcPI7XbeDeaVHhsuVdGRsAGRcbK+ARqxtXV7jh0MpBkiRiNgxUFgO4BxnHtWn87PBw6MSorCNo5IBErnSryGJ1McbNpVcRNnTjqNj1Gk5bl07Mt9NG/sK+QXcUy26teuSXafQBJbz6mMYAJYlpcBRvisrd8Iln0xX10gPllkVYja+IwHho80sset2wrKAsZJwenWs9yrxODik5YLIogM77yNG+biRChXwnzssbg77ah1zW7WnDooj5I1BPVju57ZZ2yzHGNyTXc+Wy9+3bk0zgXLTPC0KwNbROSCc6cx5I1FSzSSSuv/AE2FTUMKSpBs525K1gT2zus8Z1+IWZpAw6MDuSNsFB2wVGQVffUG1U3lwkSmSR1jRRlmYhVHzJrL8TLe0+VazyZzil0phmKx3MS5kBwqug/3iYJGkjB2J2IPQiud8zceS+u3u3GbGy2RTsJ5Ccqo/wDEZQT6Rpk4zXi5suYeJXh/g18OGNSZLh8oqoSdbEdVjOThTuzM2ANRzleQeH299dLGrAWll544WI8SeUneaUd8kDI6KNC9M59EwmO8vuL1J29LfRzNdWJnkOL+aUTsW2wkhAKEHpgHXjsQF7V1m0tVjRI0GFRQij0VV0j9BVgO9Q15s+S5e2dytE+lNpx3pAacHPyqHDYxv3pWY0zDakoAvvV1UqadTtQHNGq9RqUFMh370UG3Wi6jJ3pCfSgsZKkS/v2oF9qmMb96BpeoqSnaqyaDbUEjHrWO5l5hhsYGnmOw2VRjU7kZCr79/QAE9qyAO9eLjfB4LpVEy6tDiRCCQVcdCPuJrs1vsjn3LPAbjidyb692A2SPcCNeyID0b1PVc5+Mjw6ObeT5bLxJrWIT2Um89oc4XH2kx5lA7OvmT3XYdXtIRGulQFUDAA7CrNf+v7+Va/jXf0V53b5ysIZUY3HCp5Dtl4gR/EIB/wBJGPLMgz8agjfcLWycI+l6ZcC5gST1eM+G33qcqT8itbXzX9G0Nw3j2zfw04OrUoIRm65IXdW/7S469DXP+PWV5ASeI2S3Cj/7hMq5x3M8Q3//AKqTXomWHJ7/ANtNzJu5+l6yCEiG4L9kKxj8WD4A/eK5lzFx+44ncJqG5ISGJSSF1kAAE9STjLfoBiqVgsH+Ge5g/wDEhSdfueJ1P/oron0Tct2fitcJdJcyxjCoI3jMerbWVk8xJ3APQZPU9O6w4pcpDUx7c34TxGexutcLfWRs0ZGCVcBsMpHUqcfPoeorq1t9LlroBmilWTukYWRc+zlgK5LxiQCaZV2zLJqY9T522GOi/me/pVlvBZBQ0s87MRvHDCoCn0MkrD8kP31efHjn3VWS+3QeL/TQ5BFtbKm3xzNqI/uJgf8AqrU+IyXV5puOJXDRw9U1jBf/APWtxjUd8a8BR3Y1ZwGKaYj+zeH7/wDWJfr2X3DyBYUPyXPpW+8u/RiDJ/EcQlNzMdyhLMn99m8z49Nl9jWduHH66/unrFrnKfLMnEQoWNrbhqNqxn6y4cbambHnb/tfCnRRnJrP85cntbFLyxPhND8JGwQfyvnrEfU/Dkg+Q5j6WRgAAAAbAAYwBsAB6Ux+E5rz3mu9/BHndtb5J5rjvojlTHPH5ZojkFG3GQDvpJB67jBB6Vn+9YzhPL1vbySSxJpeQKrHJPlTOlQOwGfwAHQADKFqzy1v8qb9DomfnTkY6UidKBqXFpJqnNWf0pFoGXb50aUGnK7CgGalDf0/SpQUyHc1I+tTQCT91DTvtQXN0pdVVZNER770DswO2MUCM0GB7Cjnpv8AdQBxg0UxSuO9RB+NBZI2KibDeoEz1pJj7bUBLZO3aoW3/wAutV5/zNH8KDA8a5KsLoEyW6q5/wB5GBG+fUldm/vA1yrjfL1zwW5juY31xB8K/QkHdo5R2yoIz0PUYIwO6K3fFeLilhHcRPDMupHGGH6EHsQcEHsQK24+W49X0qZWOA8B5dl4ldSCHyxl2d5GGRGrsSMgdWPZc9j0G9dk4D9H1hbAHwhM4/3k2HOfUKfKv3CvdyzwGOyt1gj3xuz4w0jn4mb8hjsAB2rNY2ArvLzXK6np3LPfoVIxgYA9ulWHYUoTrQDetYIMj4HTNO+9KCAKU+tBFG9RR70GG9MfligjVCvvSKTVhbb3oLFFVvgUY6mjvQAZFWhaRf0pg9Anij1oVNYqUFE3U4qwYxRkjGaoMn6UFsa7mi64x+fpQQ+2KbX+8UABxSNuSfanC7+oNK7UBXpRiekBokmgsZ6Rv30pEGai7HHagU0VQ0GG+9MXoFKkVCRTKue+N6mnf3/WgsjA2oqO/vTAfjSBxQPqoaQKjN99UySHp2oHyTUzijkDtU1fdigkeOp/Ci/Sq6cUEA71G3oj4aGaBs9qDN71F/eaijfoKA5oqtKRT5oGyKlJipQLKvWl0g4q2UCqVG9AGbtTKdqXrToO/wCFAdVVEE07nsKHagA2/L9KJP31B+/wNMNqCKMdetB17iiR3oBc/KgEv4mm0dKU+tM/TegANMF7mljFWNQVqxqBNxS4q5R29qBSN6gX9aeJcDrRNBUvXFMyb0+kZzSlqCvTT6cU2O9QUA04GKDpVmaGKCvSKZVwelTTRWgB3o5oqlSSgTQP2alN4vyoUAl+L9+ppU7/ACP9KlSgkXU/fUj6VKlArdaVup+f+NSpQFP3+Bp5OtSpQQ/D+FRe9SpQIvQfL+tWP0qVKAL3+VWjtUqUFKdKtb+lSpQInX7j/So3f9+tGpQMelLNUqUDt+/wqd6lSgjdaIqVKBaY9qlSgYdaRv61KlBVUqVKD//Z');

/*!40103 SET TIME_ZONE=IFNULL(@OLD_TIME_ZONE, 'system') */;
/*!40101 SET SQL_MODE=IFNULL(@OLD_SQL_MODE, '') */;
/*!40014 SET FOREIGN_KEY_CHECKS=IFNULL(@OLD_FOREIGN_KEY_CHECKS, 1) */;
/*!40101 SET CHARACTER_SET_CLIENT=@OLD_CHARACTER_SET_CLIENT */;
/*!40111 SET SQL_NOTES=IFNULL(@OLD_SQL_NOTES, 1) */;
